id,title,abstract,authors,categories,published,doi,journal_ref,url
2012.11327,Collaborative residual learners for automatic icd10 prediction using prescribed medications,"Clinical coding is an administrative process that involves the translation of diagnostic data from episodes of care into a standard code format such as ICD10. It has many critical applications such as billing and aetiology research. The automation of clinical coding is very challenging due to data sparsity, low interoperability of digital health systems, complexity of real-life diagnosis coupled with the huge size of ICD10 code space. Related work suffer from low applicability due to reliance on many data sources, inefficient modelling and less generalizable solutions. We propose a novel collaborative residual learning based model to automatically predict ICD10 codes employing only prescriptions data. Extensive experiments were performed on two real-world clinical datasets (outpatient & inpatient) from Maharaj Nakorn Chiang Mai Hospital with real case-mix distributions. We obtain multi-label classification accuracy of 0.71 and 0.57 of average precision, 0.57 and 0.38 of F1-score and 0.73 and 0.44 of accuracy in predicting principal diagnosis for inpatient and outpatient datasets respectively.",Yassien Shaalan; Alexander Dokumentov; Piyapong Khumrin; Krit Khwanngern; Anawat Wisetborisu; Thanakom Hatsadeang; Nattapat Karaket; Witthawin Achariyaviriya; Sansanee Auephanwiriyakul; Nipon Theera-Umpon; Terence Siganakis,cs.IR cs.LG,2020-12-16,,AIDH (Australian Institute of Digital Health) Conference 2020,https://arxiv.org/abs/2012.11327
2012.11333,Ensemble model for pre-discharge icd10 coding prediction,"The translation of medical diagnosis to clinical coding has wide range of applications in billing, aetiology analysis, and auditing. Currently, coding is a manual effort while the automation of such task is not straight forward. Among the challenges are the messy and noisy clinical records, case complexities, along with the huge ICD10 code space. Previous work mainly relied on discharge notes for prediction and was applied to a very limited data scale. We propose an ensemble model incorporating multiple clinical data sources for accurate code predictions. We further propose an assessment mechanism to provide confidence rates in predicted outcomes. Extensive experiments were performed on two new real-world clinical datasets (inpatient & outpatient) with unaltered case-mix distributions from Maharaj Nakorn Chiang Mai Hospital. We obtain multi-label classification accuracies of 0.73 and 0.58 for average precision, 0.56 and 0.35 for F1-scores and 0.71 and 0.4 accuracy in predicting principal diagnosis for inpatient and outpatient datasets respectively.",Yassien Shaalan; Alexander Dokumentov; Piyapong Khumrin; Krit Khwanngern; Anawat Wisetborisu; Thanakom Hatsadeang; Nattapat Karaket; Witthawin Achariyaviriya; Sansanee Auephanwiriyakul; Nipon Theera-Umpon; Terence Siganakis,cs.IR cs.LG,2020-12-16,,AIDH (Australian Institute of Digital Health) 2020,https://arxiv.org/abs/2012.11333
2012.10226,Should I visit this place? Inclusion and Exclusion Phrase Mining from Reviews,"Although several automatic itinerary generation services have made travel planning easy, often times travellers find themselves in unique situations where they cannot make the best out of their trip. Visitors differ in terms of many factors such as suffering from a disability, being of a particular dietary preference, travelling with a toddler, etc. While most tourist spots are universal, others may not be inclusive for all. In this paper, we focus on the problem of mining inclusion and exclusion phrases associated with 11 such factors, from reviews related to a tourist spot. While existing work on tourism data mining mainly focuses on structured extraction of trip related information, personalized sentiment analysis, and automatic itinerary generation, to the best of our knowledge this is the first work on inclusion/exclusion phrase mining from tourism reviews. Using a dataset of 2000 reviews related to 1000 tourist spots, our broad level classifier provides a binary overlap F1 of $\sim$80 and $\sim$82 to classify a phrase as inclusion or exclusion respectively. Further, our inclusion/exclusion classifier provides an F1 of $\sim$98 and $\sim$97 for 11-class inclusion and exclusion classification respectively. We believe that our work can significantly improve the quality of an automatic itinerary generation service.",Omkar Gurjar; Manish Gupta,cs.IR cs.CL,2020-12-18,,,https://arxiv.org/abs/2012.10226
2012.11876,Intelligent Vector-based Customer Segmentation in the Banking Industry,"Customer Segmentation is the process of dividing customers into groups based on common characteristics. An intelligent Customer Segmentation will not only enable an organization to effectively allocate marketing resources (e.g., Recommender Systems in the Banking sector) but also it will enable identifying the customer cohorts that are most likely to benefit from a specific policy (e.g., to discover diverse patient groups in the Health sector). While there has been a significant improvement in approaches to Customer Segmentation, the main challenge remains to be the understanding of the reasons behind the segmentation need. This task is challenging as it is subjective and depends on the goal of segmentation as well as the analyst's perspective. To address this challenge, in this paper, we present an intelligent vector-based customer segmentation approach. The proposed approach will leverage feature engineering to enable analysts to identify important features (from a pool of features such as demographics, geography, psychographics, behavioral, and more) and feed them into a neural embedding framework named Customer2Vec. The Customer2Vec combines the neural network classification and clustering methods as supervised and unsupervised learning techniques to embed the customer vector. We adopt a typical scenario in the Banking Sector to highlight how Customer2Vec significantly improves the quality of the segmentation and detecting customer similarities.",Salman Mousaeirad,cs.IR,2020-12-22,,,https://arxiv.org/abs/2012.11876
2012.13569,Dynamic-K Recommendation with Personalized Decision Boundary,"In this paper, we investigate the recommendation task in the most common scenario with implicit feedback (e.g., clicks, purchases). State-of-the-art methods in this direction usually cast the problem as to learn a personalized ranking on a set of items (e.g., webpages, products). The top-N results are then provided to users as recommendations, where the N is usually a fixed number pre-defined by the system according to some heuristic criteria (e.g., page size, screen size). There is one major assumption underlying this fixed-number recommendation scheme, i.e., there are always sufficient relevant items to users' preferences. Unfortunately, this assumption may not always hold in real-world scenarios. In some applications, there might be very limited candidate items to recommend, and some users may have very high relevance requirement in recommendation. In this way, even the top-1 ranked item may not be relevant to a user's preference. Therefore, we argue that it is critical to provide a dynamic-K recommendation, where the K should be different with respect to the candidate item set and the target user. We formulate this dynamic-K recommendation task as a joint learning problem with both ranking and classification objectives. The ranking objective is the same as existing methods, i.e., to create a ranking list of items according to users' interests. The classification objective is unique in this work, which aims to learn a personalized decision boundary to differentiate the relevant items from irrelevant items. Based on these ideas, we extend two state-of-the-art ranking-based recommendation methods, i.e., BPRMF and HRM, to the corresponding dynamic-K versions, namely DK-BPRMF and DK-HRM. Our experimental results on two datasets show that the dynamic-K models are more effective than the original fixed-N recommendation methods.",Yan Gao; Jiafeng Guo; Yanyan Lan; Huaming Liao,cs.IR cs.AI,2020-12-25,,CCIR 2017,https://arxiv.org/abs/2012.13569
2012.14234,Recommending Courses in MOOCs for Jobs: An Auto Weak Supervision Approach,"The proliferation of massive open online courses (MOOCs) demands an effective way of course recommendation for jobs posted in recruitment websites, especially for the people who take MOOCs to find new jobs. Despite the advances of supervised ranking models, the lack of enough supervised signals prevents us from directly learning a supervised ranking model. This paper proposes a general automated weak supervision framework AutoWeakS via reinforcement learning to solve the problem. On the one hand, the framework enables training multiple supervised ranking models upon the pseudo labels produced by multiple unsupervised ranking models. On the other hand, the framework enables automatically searching the optimal combination of these supervised and unsupervised models. Systematically, we evaluate the proposed model on several datasets of jobs from different recruitment websites and courses from a MOOCs platform. Experiments show that our model significantly outperforms the classical unsupervised, supervised and weak supervision baselines.",Bowen Hao; Jing Zhang; Cuiping Li; Hong Chen; Hongzhi Yin,cs.DB cs.IR,2020-12-28,,,https://arxiv.org/abs/2012.14234
2012.13980,Measuring University Impact: Wikipedia approach,"The impact of Universities on the social, economic and political landscape is one of the key directions in contemporary educational evaluation. In this paper, we discuss the new methodological technique that evaluates the impact of university based on popularity (number of page-views) of their alumni's pages on Wikipedia. It allows revealing the alumni popularity dynamics and tracking its state. Preliminary analysis shows that the number of page-views is higher for the contemporary persons that prove the perspectives of this approach. Then, universities were ranked based on the methodology and compared to the famous international university rankings ARWU and QS based only on alumni scales: for the top 10 universities, there is an intersection of two universities (Columbia University, Stanford University). The correlation coefficients between different university rankings are provided in the paper. Finally, the ranking based on the alumni popularity was compared with the ranking of universities based on the popularity of their webpages on Wikipedia: there is a strong connection between these indicators.",Tatiana Kozitsina; Viacheslav Goiko; Roman Palkin; Valentin Khomutenko; Yulia Mundrievskaya; Maria Sukhareva; Isak Froumin; Mikhail Myagkov,cs.SI cs.CL cs.IR,2020-12-27,,,https://arxiv.org/abs/2012.13980
2012.14005,Neural document expansion for ad-hoc information retrieval,"Recently, Nogueira et al. [2019] proposed a new approach to document expansion based on a neural Seq2Seq model, showing significant improvement on short text retrieval task. However, this approach needs a large amount of in-domain training data. In this paper, we show that this neural document expansion approach can be effectively adapted to standard IR tasks, where labels are scarce and many long documents are present.",Cheng Tang; Andrew Arnold,cs.IR cs.AI cs.CL cs.LG,2020-12-27,,,https://arxiv.org/abs/2012.14005
1904.07982,Query Expansion for Cross-Language Question Re-Ranking,"Community question-answering (CQA) platforms have become very popular forums for asking and answering questions daily. While these forums are rich repositories of community knowledge, they present challenges for finding relevant answers and similar questions, due to the open-ended nature of informal discussions. Further, if the platform allows questions and answers in multiple languages, we are faced with the additional challenge of matching cross-lingual information. In this work, we focus on the cross-language question re-ranking shared task, which aims to find existing questions that may be written in different languages. Our contribution is an exploration of query expansion techniques for this problem. We investigate expansions based on Word Embeddings, DBpedia concepts linking, and Hypernym, and show that they outperform existing state-of-the-art methods.",Muhammad Mahbubur Rahman; Sorami Hisamoto; Kevin Duh,cs.IR cs.CL,2019-04-16,,,https://arxiv.org/abs/1904.07982
1904.08010,How to define co-occurrence in different domains of study?,"This position paper presents a comparative study of co-occurrences. Some similarities and differences in the definition exist depending on the research domain (e.g. linguistics, NLP, computer science). This paper discusses these points, and deals with the methodological aspects in order to identify co-occurrences in a multidisciplinary paradigm.",Mathieu Roche,cs.IR cs.AI cs.DB,2019-04-16,,,https://arxiv.org/abs/1904.08010
1904.08049,Neural Message Passing for Multi-Label Classification,"Multi-label classification (MLC) is the task of assigning a set of target labels for a given sample. Modeling the combinatorial label interactions in MLC has been a long-haul challenge. We propose Label Message Passing (LaMP) Neural Networks to efficiently model the joint prediction of multiple labels. LaMP treats labels as nodes on a label-interaction graph and computes the hidden representation of each label node conditioned on the input using attention-based neural message passing. Attention enables LaMP to assign different importance to neighbor nodes per label, learning how labels interact (implicitly). The proposed models are simple, accurate, interpretable, structure-agnostic, and applicable for predicting dense labels since LaMP is incredibly parallelizable. We validate the benefits of LaMP on seven real-world MLC datasets, covering a broad spectrum of input/output types and outperforming the state-of-the-art results. Notably, LaMP enables intuitive interpretation of how classifying each label depends on the elements of a sample and at the same time rely on its interaction with other labels. We provide our code and datasets at https://github.com/QData/LaMP",Jack Lanchantin; Arshdeep Sekhon; Yanjun Qi,cs.LG cs.IR stat.ML,2019-04-17,,,https://arxiv.org/abs/1904.08049
1905.00185,Emotional Contribution Analysis of Online Reviews,"In response to the constant increase in population and tourism worldwide, there is a need for the development of cross-language market research tools that are more cost and time effective than surveys or interviews. Focusing on the Chinese tourism boom and the hotel industry in Japan, we extracted the most influential keywords in emotional judgement from Chinese online reviews of Japanese hotels in the portal site Ctrip. Using an entropy based mathematical model and a machine learning algorithm, we determined the words that most closely represent the demands and emotions of this customer base.",Elisa Claire Alemán Carreón; Hirofumi Nonaka; Toru Hiraoka; Minoru Kumano; Takao Ito; Masaharu Hirota,cs.IR,2019-05-01,10.5954/icarob.2018.os5-3,"In proceedings of the 2018 International Conference on Artificial Life and Robotics (ICAROB2018). pp. 259 - 362. Beppu, Japan (2018, February 1-4)",https://arxiv.org/abs/1905.00185
1905.02851,FAQ Retrieval using Query-Question Similarity and BERT-Based Query-Answer Relevance,"Frequently Asked Question (FAQ) retrieval is an important task where the objective is to retrieve an appropriate Question-Answer (QA) pair from a database based on a user's query. We propose a FAQ retrieval system that considers the similarity between a user's query and a question as well as the relevance between the query and an answer. Although a common approach to FAQ retrieval is to construct labeled data for training, it takes annotation costs. Therefore, we use a traditional unsupervised information retrieval system to calculate the similarity between the query and question. On the other hand, the relevance between the query and answer can be learned by using QA pairs in a FAQ database. The recently-proposed BERT model is used for the relevance calculation. Since the number of QA pairs in FAQ page is not enough to train a model, we cope with this issue by leveraging FAQ sets that are similar to the one in question. We evaluate our approach on two datasets. The first one is localgovFAQ, a dataset we construct in a Japanese administrative municipality domain. The second is StackExchange dataset, which is the public dataset in English. We demonstrate that our proposed method outperforms baseline methods on these datasets.",Wataru Sakata; Tomohide Shibata; Ribeka Tanaka; Sadao Kurohashi,cs.IR cs.CL,2019-05-08,,,https://arxiv.org/abs/1905.02851
1905.01973,Who wrote this book? A challenge for e-commerce,"Modern e-commerce catalogs contain millions of references, associated with textual and visual information that is of paramount importance for the products to be found via search or browsing. Of particular significance is the book category, where the author name(s) field poses a significant challenge. Indeed, books written by a given author (such as F. Scott Fitzgerald) might be listed with different authors' names in a catalog due to abbreviations and spelling variants and mistakes, among others. To solve this problem at scale, we design a composite system involving open data sources for books as well as machine learning components leveraging deep learning-based techniques for natural language processing. In particular, we use Siamese neural networks for an approximate match with known author names, and direct correction of the provided author's name using sequence-to-sequence learning with neural networks. We evaluate this approach on product data from the e-commerce website Rakuten France, and find that the top proposal of the system is the normalized author name with 72% accuracy.",Béranger Dumont; Simona Maggio; Ghiles Sidi Said; Quoc-Tien Au,cs.CL cs.IR cs.LG stat.ML,2019-04-19,,,https://arxiv.org/abs/1905.01973
1905.01991,A Content-Based Approach to Email Triage Action Prediction: Exploration and Evaluation,"Email has remained a principal form of communication among people, both in enterprise and social settings. With a deluge of emails crowding our mailboxes daily, there is a dire need of smart email systems that can recover important emails and make personalized recommendations. In this work, we study the problem of predicting user triage actions to incoming emails where we take the reply prediction as a working example. Different from existing methods, we formulate the triage action prediction as a recommendation problem and focus on the content-based approach, where the users are represented using the content of current and past emails. We also introduce additional similarity features to further explore the affinities between users and emails. Experiments on the publicly available Avocado email collection demonstrate the advantages of our proposed recommendation framework and our method is able to achieve better performance compared to the state-of-the-art deep recommendation methods. More importantly, we provide valuable insight into the effectiveness of different textual and user representations and show that traditional bag-of-words approaches, with the help from the similarity features, compete favorably with the more advanced neural embedding methods.",Sudipto Mukherjee; Ke Jiang,cs.IR cs.LG stat.ML,2019-04-30,,,https://arxiv.org/abs/1905.01991
1905.03028,Deep Landscape Forecasting for Real-time Bidding Advertising,"The emergence of real-time auction in online advertising has drawn huge attention of modeling the market competition, i.e., bid landscape forecasting. The problem is formulated as to forecast the probability distribution of market price for each ad auction. With the consideration of the censorship issue which is caused by the second-price auction mechanism, many researchers have devoted their efforts on bid landscape forecasting by incorporating survival analysis from medical research field. However, most existing solutions mainly focus on either counting-based statistics of the segmented sample clusters, or learning a parameterized model based on some heuristic assumptions of distribution forms. Moreover, they neither consider the sequential patterns of the feature over the price space. In order to capture more sophisticated yet flexible patterns at fine-grained level of the data, we propose a Deep Landscape Forecasting (DLF) model which combines deep learning for probability distribution forecasting and survival analysis for censorship handling. Specifically, we utilize a recurrent neural network to flexibly model the conditional winning probability w.r.t. each bid price. Then we conduct the bid landscape forecasting through probability chain rule with strict mathematical derivations. And, in an end-to-end manner, we optimize the model by minimizing two negative likelihood losses with comprehensive motivations. Without any specific assumption for the distribution form of bid landscape, our model shows great advantages over previous works on fitting various sophisticated market price distributions. In the experiments over two large-scale real-world datasets, our model significantly outperforms the state-of-the-art solutions under various metrics.",Kan Ren; Jiarui Qin; Lei Zheng; Zhengyu Yang; Weinan Zhang; Yong Yu,cs.IR cs.GT cs.LG,2019-05-07,10.1145/3292500.3330870,,https://arxiv.org/abs/1905.03028
1904.12111,A Novel Fuzzy Search Approach over Encrypted Data with Improved Accuracy and Efficiency,"As cloud computing becomes prevalent in recent years, more and more enterprises and individuals outsource their data to cloud servers. To avoid privacy leaks, outsourced data usually is encrypted before being sent to cloud servers, which disables traditional search schemes for plain text. To meet both end of security and searchability, search-supported encryption is proposed. However, many previous schemes suffer severe vulnerability when typos and semantic diversity exist in query requests. To overcome such flaw, higher error-tolerance is always expected for search-supported encryption design, sometimes defined as 'fuzzy search'. In this paper, we propose a new scheme of multi-keyword fuzzy search over encrypted and outsourced data. Our approach introduces a new mechanism to map a natural language expression into a word-vector space. Compared with previous approaches, our design shows higher robustness when multiple kinds of typos are involved. Besides, our approach is enhanced with novel data structures to improve search efficiency. These two innovations can work well for both accuracy and efficiency. Moreover, these designs will not hurt the fundamental security. Experiments on a real-world dataset demonstrate the effectiveness of our proposed approach, which outperforms currently popular approaches focusing on similar tasks.",Jinkun Cao; Jinhao Zhu; Liwei Lin; Zhengui Xue; Ruhui Ma; Haibing Guan,cs.CR cs.IR,2019-04-27,,,https://arxiv.org/abs/1904.12111
1904.13213,Topic Classification Method for Analyzing Effect of eWOM on Consumer Game Sales,"Electronic word-of-mouth (eWOM) has become an important resource for the analysis of marketing research. In this study, in order to analyze user needs for consumer game software, we focus on tweet data. And we proposed topic extraction method using entropy-based feature selection based feature expansion. We also applied it to the classification of the data extracted from tweet data by using SVM. As a result, we achieved a 0.63 F-measure.",Yoshiki Horii; Hirofumi Nonaka; Elisa Claire Alemán Carreón; Hiroki Horino; Toru Hiraoka,cs.IR,2019-04-23,10.6084/m9.figshare.8026778,In proceedings of the Joint 10th International Conference on Soft Computing and Intelligent Systems and 19th International Symposium on Advanced Intelligent Systems in conjunction with Intelligent Systems Workshop 2018 (2018 SCIS-ISIS2018),https://arxiv.org/abs/1904.13213
1904.07687,Advanced Customer Activity Prediction based on Deep Hierarchic Encoder-Decoders,"Product recommender systems and customer profiling techniques have always been a priority in online retail. Recent machine learning research advances and also wide availability of massive parallel numerical computing has enabled various approaches and directions of recommender systems advancement. Worth to mention is the fact that in past years multiple traditional ""offline"" retail business are gearing more and more towards employing inferential and even predictive analytics both to stock-related problems such as predictive replenishment but also to enrich customer interaction experience. One of the most important areas of recommender systems research and development is that of Deep Learning based models which employ representational learning to model consumer behavioral patterns. Current state of the art in Deep Learning based recommender systems uses multiple approaches ranging from already classical methods such as the ones based on learning product representation vector, to recurrent analysis of customer transactional time-series and up to generative models based on adversarial training. Each of these methods has multiple advantages and inherent weaknesses such as inability of understanding the actual user-journey, ability to propose only single product recommendation or top-k product recommendations without prediction of actual next-best-offer. In our work we will present a new and innovative architectural approach of applying state-of-the-art hierarchical multi-module encoder-decoder architecture in order to solve several of current state-of-the-art recommender systems issues. Our approach will also produce by-products such as product need-based segmentation and customer behavioral segmentation - all in an end-to-end trainable approach. Finally, we will present a couple methods that solve known retail & distribution pain-points based on the proposed architecture.",Andrei Damian; Laurentiu Piciu; Sergiu Turlea; Nicolae Tapus,cs.IR cs.LG,2019-04-11,,,https://arxiv.org/abs/1904.07687
1904.07695,"Short Text Topic Modeling Techniques, Applications, and Performance: A Survey","Analyzing short texts infers discriminative and coherent latent topics that is a critical and fundamental task since many real-world applications require semantic understanding of short texts. Traditional long text topic modeling algorithms (e.g., PLSA and LDA) based on word co-occurrences cannot solve this problem very well since only very limited word co-occurrence information is available in short texts. Therefore, short text topic modeling has already attracted much attention from the machine learning research community in recent years, which aims at overcoming the problem of sparseness in short texts. In this survey, we conduct a comprehensive review of various short text topic modeling techniques proposed in the literature. We present three categories of methods based on Dirichlet multinomial mixture, global word co-occurrences, and self-aggregation, with example of representative approaches in each category and analysis of their performance on various tasks. We develop the first comprehensive open-source library, called STTM, for use in Java that integrates all surveyed algorithms within a unified interface, benchmark datasets, to facilitate the expansion of new methods in this research field. Finally, we evaluate these state-of-the-art methods on many real-world datasets and compare their performance against one another and versus long text topic modeling algorithm.",Qiang Jipeng; Qian Zhenyu; Li Yun; Yuan Yunhao; Wu Xindong,cs.IR cs.CL,2019-04-13,,,https://arxiv.org/abs/1904.07695
1904.12683,On the Effect of Low-Frequency Terms on Neural-IR Models,"Low-frequency terms are a recurring challenge for information retrieval models, especially neural IR frameworks struggle with adequately capturing infrequently observed words. While these terms are often removed from neural models - mainly as a concession to efficiency demands - they traditionally play an important role in the performance of IR models. In this paper, we analyze the effects of low-frequency terms on the performance and robustness of neural IR models. We conduct controlled experiments on three recent neural IR models, trained on a large-scale passage retrieval collection. We evaluate the neural IR models with various vocabulary sizes for their respective word embeddings, considering different levels of constraints on the available GPU memory. We observe that despite the significant benefits of using larger vocabularies, the performance gap between the vocabularies can be, to a great extent, mitigated by extensive tuning of a related parameter: the number of documents to re-rank. We further investigate the use of subword-token embedding models, and in particular FastText, for neural IR models. Our experiments show that using FastText brings slight improvements to the overall performance of the neural IR models in comparison to models trained on the full vocabulary, while the improvement becomes much more pronounced for queries containing low-frequency terms.",Sebastian Hofstätter; Navid Rekabsaz; Carsten Eickhoff; Allan Hanbury,cs.IR,2019-04-29,,,https://arxiv.org/abs/1904.12683
1904.12986,Community Detection and Growth Potential Prediction Using the Stochastic Block Model and the Long Short-term Memory from Patent Citation Networks,"Scoring patent documents is very useful for technology management. However, conventional methods are based on static models and, thus, do not reflect the growth potential of the technology cluster of the patent. Because even if the cluster of a patent has no hope of growing, we recognize the patent is important if PageRank or other ranking score is high. Therefore, there arises a necessity of developing citation network clustering and prediction of future citations. In our research, clustering of patent citation networks by Stochastic Block Model was done with the aim of enabling corporate managers and investors to evaluate the scale and life cycle of technology. As a result, we confirmed nested SBM is appropriate for graph clustering of patent citation networks. Also, a high MAPE value was obtained and the direction accuracy achieved a value greater than 50% when predicting growth potential for each cluster by using LSTM.",Kensei Nakai; Hirofumi Nonaka; Asahi Hentona; Yuki Kanai; Takeshi Sakumoto; Shotaro Kataoka; Elisa Claire Alemán Carreón; Toru Hiraoka,cs.DL cs.IR,2019-04-23,10.1109/ieem.2018.8607487,"In Proceedings of the 2018 IEEE International Conference on Industrial Engineering and Engineering Management (IEEM2018). pp. 1884 - 1888. Bangkok, Thailand. December 16-19, 2018",https://arxiv.org/abs/1904.12986
1904.13022,You can't see what you can't see: Experimental evidence for how much relevant information may be missed due to Google's Web search personalisation,"The influence of Web search personalisation on professional knowledge work is an understudied area. Here we investigate how public sector officials self-assess their dependency on the Google Web search engine, whether they are aware of the potential impact of algorithmic biases on their ability to retrieve all relevant information, and how much relevant information may actually be missed due to Web search personalisation. We find that the majority of participants in our experimental study are neither aware that there is a potential problem nor do they have a strategy to mitigate the risk of missing relevant information when performing online searches. Most significantly, we provide empirical evidence that up to 20% of relevant information may be missed due to Web search personalisation. This work has significant implications for Web research by public sector professionals, who should be provided with training about the potential algorithmic biases that may affect their judgments and decision making, as well as clear guidelines how to minimise the risk of missing relevant information.",Cameron Lai; Markus Luczak-Roesch,cs.IR cs.CY,2019-04-30,,,https://arxiv.org/abs/1904.13022
1906.01435,Incorporating System-Level Objectives into Recommender Systems,"One of the most essential parts of any recommender system is personalization-- how acceptable the recommendations are from the user's perspective. However, in many real-world applications, there are other stakeholders whose needs and interests should be taken into account. In this work, we define the problem of multistakeholder recommendation and we focus on finding algorithms for a special case where the recommender system itself is also a stakeholder. In addition, we will explore the idea of incremental incorporation of system-level objectives into recommender systems over time to tackle the existing problems in the optimization techniques which only look for optimizing the individual users' lists.",Himan Abdollahpouri,cs.IR,2019-05-31,10.1145/3308560.3314201,,https://arxiv.org/abs/1906.01435
2005.14627,Detection of Bangla Fake News using MNB and SVM Classifier,"Fake news has been coming into sight in significant numbers for numerous business and political reasons and has become frequent in the online world. People can get contaminated easily by these fake news for its fabricated words which have enormous effects on the offline community. Thus, interest in research in this area has risen. Significant research has been conducted on the detection of fake news from English texts and other languages but a few in Bangla Language. Our work reflects the experimental analysis on the detection of Bangla fake news from social media as this field still requires much focus. In this research work, we have used two supervised machine learning algorithms, Multinomial Naive Bayes (MNB) and Support Vector Machine (SVM) classifiers to detect Bangla fake news with CountVectorizer and Term Frequency - Inverse Document Frequency Vectorizer as feature extraction. Our proposed framework detects fake news depending on the polarity of the corresponding article. Finally, our analysis shows SVM with the linear kernel with an accuracy of 96.64% outperform MNB with an accuracy of 93.32%.",Md Gulzar Hussain; Md Rashidul Hasan; Mahmuda Rahman; Joy Protim; Sakib Al Hasan,cs.CL cs.IR cs.LG,2020-05-29,,,https://arxiv.org/abs/2005.14627
2005.14255,Towards Question-based Recommender Systems,"Conversational and question-based recommender systems have gained increasing attention in recent years, with users enabled to converse with the system and better control recommendations. Nevertheless, research in the field is still limited, compared to traditional recommender systems. In this work, we propose a novel Question-based recommendation method, Qrec, to assist users to find items interactively, by answering automatically constructed and algorithmically chosen questions. Previous conversational recommender systems ask users to express their preferences over items or item facets. Our model, instead, asks users to express their preferences over descriptive item features. The model is first trained offline by a novel matrix factorization algorithm, and then iteratively updates the user and item latent factors online by a closed-form solution based on the user answers. Meanwhile, our model infers the underlying user belief and preferences over items to learn an optimal question-asking strategy by using Generalized Binary Search, so as to ask a sequence of questions to the user. Our experimental results demonstrate that our proposed matrix factorization model outperforms the traditional Probabilistic Matrix Factorization model. Further, our proposed Qrec model can greatly improve the performance of state-of-the-art baselines, and it is also effective in the case of cold-start user and item recommendations.",Jie Zou; Yifan Chen; Evangelos Kanoulas,cs.IR,2020-05-28,10.1145/3397271.3401180,,https://arxiv.org/abs/2005.14255
2006.00533,Benchmarking BioRelEx for Entity Tagging and Relation Extraction,"Extracting relationships and interactions between different biological entities is still an extremely challenging problem but has not received much attention as much as extraction in other generic domains. In addition to the lack of annotated data, low benchmarking is still a major reason for slow progress. In order to fill this gap, we compare multiple existing entity and relation extraction models over a recently introduced public dataset, BioRelEx of sentences annotated with biological entities and relations. Our straightforward benchmarking shows that span-based multi-task architectures like DYGIE show 4.9% and 6% absolute improvements in entity tagging and relation extraction respectively over the previous state-of-art and that incorporating domain-specific information like embeddings pre-trained over related domains boosts performance.",Abhinav Bhatt; Kaustubh D. Dhole,cs.CL cs.IR cs.LG,2020-05-31,,,https://arxiv.org/abs/2006.00533
2006.05557,ReCOVery: A Multimodal Repository for COVID-19 News Credibility Research,"First identified in Wuhan, China, in December 2019, the outbreak of COVID-19 has been declared as a global emergency in January, and a pandemic in March 2020 by the World Health Organization (WHO). Along with this pandemic, we are also experiencing an ""infodemic"" of information with low credibility such as fake news and conspiracies. In this work, we present ReCOVery, a repository designed and constructed to facilitate research on combating such information regarding COVID-19. We first broadly search and investigate ~2,000 news publishers, from which 60 are identified with extreme [high or low] levels of credibility. By inheriting the credibility of the media on which they were published, a total of 2,029 news articles on coronavirus, published from January to May 2020, are collected in the repository, along with 140,820 tweets that reveal how these news articles have spread on the Twitter social network. The repository provides multimodal information of news articles on coronavirus, including textual, visual, temporal, and network information. The way that news credibility is obtained allows a trade-off between dataset scalability and label accuracy. Extensive experiments are conducted to present data statistics and distributions, as well as to provide baseline performances for predicting news credibility so that future methods can be compared. Our repository is available at http://coronavirus-fakenews.com.",Xinyi Zhou; Apurva Mulay; Emilio Ferrara; Reza Zafarani,cs.SI cs.IR,2020-06-09,10.1145/3340531.3412880,,https://arxiv.org/abs/2006.05557
2006.04239,Unsupervised Differentiable Multi-aspect Network Embedding,"Network embedding is an influential graph mining technique for representing nodes in a graph as distributed vectors. However, the majority of network embedding methods focus on learning a single vector representation for each node, which has been recently criticized for not being capable of modeling multiple aspects of a node. To capture the multiple aspects of each node, existing studies mainly rely on offline graph clustering performed prior to the actual embedding, which results in the cluster membership of each node (i.e., node aspect distribution) fixed throughout training of the embedding model. We argue that this not only makes each node always have the same aspect distribution regardless of its dynamic context, but also hinders the end-to-end training of the model that eventually leads to the final embedding quality largely dependent on the clustering. In this paper, we propose a novel end-to-end framework for multi-aspect network embedding, called asp2vec, in which the aspects of each node are dynamically assigned based on its local context. More precisely, among multiple aspects, we dynamically assign a single aspect to each node based on its current context, and our aspect selection module is end-to-end differentiable via the Gumbel-Softmax trick. We also introduce the aspect regularization framework to capture the interactions among the multiple aspects in terms of relatedness and diversity. We further demonstrate that our proposed framework can be readily extended to heterogeneous networks. Extensive experiments towards various downstream tasks on various types of homogeneous networks and a heterogeneous network demonstrate the superiority of asp2vec.",Chanyoung Park; Carl Yang; Qi Zhu; Donghyun Kim; Hwanjo Yu; Jiawei Han,cs.LG cs.IR stat.ML,2020-06-07,10.1145/3394486.3403196,,https://arxiv.org/abs/2006.04239
2006.04380,Learning the Compositional Visual Coherence for Complementary Recommendations,"Complementary recommendations, which aim at providing users product suggestions that are supplementary and compatible with their obtained items, have become a hot topic in both academia and industry in recent years. %However, it is challenging due to its complexity and subjectivity. Existing work mainly focused on modeling the co-purchased relations between two items, but the compositional associations of item collections are largely unexplored. Actually, when a user chooses the complementary items for the purchased products, it is intuitive that she will consider the visual semantic coherence (such as color collocations, texture compatibilities) in addition to global impressions. Towards this end, in this paper, we propose a novel Content Attentive Neural Network (CANN) to model the comprehensive compositional coherence on both global contents and semantic contents. Specifically, we first propose a \textit{Global Coherence Learning} (GCL) module based on multi-heads attention to model the global compositional coherence. Then, we generate the semantic-focal representations from different semantic regions and design a \textit{Focal Coherence Learning} (FCL) module to learn the focal compositional coherence from different semantic-focal representations. Finally, we optimize the CANN in a novel compositional optimization strategy. Extensive experiments on the large-scale real-world data clearly demonstrate the effectiveness of CANN compared with several state-of-the-art methods.",Zhi Li; Bo Wu; Qi Liu; Likang Wu; Hongke Zhao; Tao Mei,cs.IR cs.CV cs.LG,2020-06-08,,,https://arxiv.org/abs/2006.04380
2006.05009,Few-Shot Generative Conversational Query Rewriting,"Conversational query rewriting aims to reformulate a concise conversational query to a fully specified, context-independent query that can be effectively handled by existing information retrieval systems. This paper presents a few-shot generative approach to conversational query rewriting. We develop two methods, based on rules and self-supervised learning, to generate weak supervision data using large amounts of ad hoc search sessions, and to fine-tune GPT-2 to rewrite conversational queries. On the TREC Conversational Assistance Track, our weakly supervised GPT-2 rewriter improves the state-of-the-art ranking accuracy by 12%, only using very limited amounts of manual query rewrites. In the zero-shot learning setting, the rewriter still gives a comparable result to previous state-of-the-art systems. Our analyses reveal that GPT-2 effectively picks up the task syntax and learns to capture context dependencies, even for hard cases that involve group references and long-turn dependencies.",Shi Yu; Jiahua Liu; Jingqin Yang; Chenyan Xiong; Paul Bennett; Jianfeng Gao; Zhiyuan Liu,cs.IR,2020-06-09,,,https://arxiv.org/abs/2006.05009
2006.04084,SERank: Optimize Sequencewise Learning to Rank Using Squeeze-and-Excitation Network,"Learning-to-rank (LTR) is a set of supervised machine learning algorithms that aim at generating optimal ranking order over a list of items. A lot of ranking models have been studied during the past decades. And most of them treat each query document pair independently during training and inference. Recently, there are a few methods have been proposed which focused on mining information across ranking candidates list for further improvements, such as learning multivariant scoring function or learning contextual embedding. However, these methods usually greatly increase computational cost during online inference, especially when with large candidates size in real-world web search systems. What's more, there are few studies that focus on novel design of model structure for leveraging information across ranking candidates. In this work, we propose an effective and efficient method named as SERank which is a Sequencewise Ranking model by using Squeeze-and-Excitation network to take advantage of cross-document information. Moreover, we examine our proposed methods on several public benchmark datasets, as well as click logs collected from a commercial Question Answering search engine, Zhihu. In addition, we also conduct online A/B testing at Zhihu search engine to further verify the proposed approach. Results on both offline datasets and online A/B testing demonstrate that our method contributes to a significant improvement.",RuiXing Wang; Kuan Fang; RiKang Zhou; Zhan Shen; LiWen Fan,cs.IR,2020-06-07,,,https://arxiv.org/abs/2006.04084
2006.05324,ORCAS: 18 Million Clicked Query-Document Pairs for Analyzing Search,"Users of Web search engines reveal their information needs through queries and clicks, making click logs a useful asset for information retrieval. However, click logs have not been publicly released for academic use, because they can be too revealing of personally or commercially sensitive information. This paper describes a click data release related to the TREC Deep Learning Track document corpus. After aggregation and filtering, including a k-anonymity requirement, we find 1.4 million of the TREC DL URLs have 18 million connections to 10 million distinct queries. Our dataset of these queries and connections to TREC documents is of similar size to proprietary datasets used in previous papers on query mining and ranking. We perform some preliminary experiments using the click data to augment the TREC DL training data, offering by comparison: 28x more queries, with 49x more connections to 4.4x more URLs in the corpus. We present a description of the dataset's generation process, characteristics, use in ranking and suggest other potential uses.",Nick Craswell; Daniel Campos; Bhaskar Mitra; Emine Yilmaz; Bodo Billerbeck,cs.IR cs.LG,2020-06-09,,,https://arxiv.org/abs/2006.05324
2005.11364,Open-Retrieval Conversational Question Answering,"Conversational search is one of the ultimate goals of information retrieval. Recent research approaches conversational search by simplified settings of response ranking and conversational question answering, where an answer is either selected from a given candidate set or extracted from a given passage. These simplifications neglect the fundamental role of retrieval in conversational search. To address this limitation, we introduce an open-retrieval conversational question answering (ORConvQA) setting, where we learn to retrieve evidence from a large collection before extracting answers, as a further step towards building functional conversational search systems. We create a dataset, OR-QuAC, to facilitate research on ORConvQA. We build an end-to-end system for ORConvQA, featuring a retriever, a reranker, and a reader that are all based on Transformers. Our extensive experiments on OR-QuAC demonstrate that a learnable retriever is crucial for ORConvQA. We further show that our system can make a substantial improvement when we enable history modeling in all system components. Moreover, we show that the reranker component contributes to the model performance by providing a regularization effect. Finally, further in-depth analyses are performed to provide new insights into ORConvQA.",Chen Qu; Liu Yang; Cen Chen; Minghui Qiu; W. Bruce Croft; Mohit Iyyer,cs.IR cs.CL,2020-05-22,10.1145/3397271.3401110,,https://arxiv.org/abs/2005.11364
2005.12781,How to Grow a (Product) Tree: Personalized Category Suggestions for eCommerce Type-Ahead,"In an attempt to balance precision and recall in the search page, leading digital shops have been effectively nudging users into select category facets as early as in the type-ahead suggestions. In this work, we present SessionPath, a novel neural network model that improves facet suggestions on two counts: first, the model is able to leverage session embeddings to provide scalable personalization; second, SessionPath predicts facets by explicitly producing a probability distribution at each node in the taxonomy path. We benchmark SessionPath on two partnering shops against count-based and neural models, and show how business requirements and model behavior can be combined in a principled way.",Jacopo Tagliabue; Bingqing Yu; Marie Beaulieu,cs.LG cs.IR stat.ML,2020-05-26,,,https://arxiv.org/abs/2005.12781
2005.12974,Opportunistic Multi-aspect Fairness through Personalized Re-ranking,"As recommender systems have become more widespread and moved into areas with greater social impact, such as employment and housing, researchers have begun to seek ways to ensure fairness in the results that such systems produce. This work has primarily focused on developing recommendation approaches in which fairness metrics are jointly optimized along with recommendation accuracy. However, the previous work had largely ignored how individual preferences may limit the ability of an algorithm to produce fair recommendations. Furthermore, with few exceptions, researchers have only considered scenarios in which fairness is measured relative to a single sensitive feature or attribute (such as race or gender). In this paper, we present a re-ranking approach to fairness-aware recommendation that learns individual preferences across multiple fairness dimensions and uses them to enhance provider fairness in recommendation results. Specifically, we show that our opportunistic and metric-agnostic approach achieves a better trade-off between accuracy and fairness than prior re-ranking approaches and does so across multiple fairness dimensions.",Nasim Sonboli; Farzad Eskandanian; Robin Burke; Weiwen Liu; Bamshad Mobasher,cs.IR cs.AI cs.LG stat.ML,2020-05-21,,,https://arxiv.org/abs/2005.12974
2005.13829,A Re-visit of the Popularity Baseline in Recommender Systems,"Popularity is often included in experimental evaluation to provide a reference performance for a recommendation task. To understand how popularity baseline is defined and evaluated, we sample 12 papers from top-tier conferences including KDD, WWW, SIGIR, and RecSys, and 6 open source toolkits. We note that the widely adopted MostPop baseline simply ranks items based on the number of interactions in the training data. We argue that the current evaluation of popularity (i) does not reflect the popular items at the time when a user interacts with the system, and (ii) may recommend items released after a user's last interaction with the system. On the widely used MovieLens dataset, we show that the performance of popularity could be significantly improved by 70% or more, if we consider the popular items at the time point when a user interacts with the system. We further show that, on MovieLens dataset, the users having lower tendencies on movies tend to follow the crowd and rate more popular movies. Movie lovers who rate a large number of movies, rate movies based on their own preferences and interests. Through this study, we call for a re-visit of the popularity baseline in recommender system to better reflect its effectiveness.",Yitong Ji; Aixin Sun; Jie Zhang; Chenliang Li,cs.IR,2020-05-28,10.1145/3397271.3401233,,https://arxiv.org/abs/2005.13829
2006.02046,Fairness-Aware Explainable Recommendation over Knowledge Graphs,"There has been growing attention on fairness considerations recently, especially in the context of intelligent decision making systems. Explainable recommendation systems, in particular, may suffer from both explanation bias and performance disparity. In this paper, we analyze different groups of users according to their level of activity, and find that bias exists in recommendation performance between different groups. We show that inactive users may be more susceptible to receiving unsatisfactory recommendations, due to insufficient training data for the inactive users, and that their recommendations may be biased by the training records of more active users, due to the nature of collaborative filtering, which leads to an unfair treatment by the system. We propose a fairness constrained approach via heuristic re-ranking to mitigate this unfairness problem in the context of explainable recommendation over knowledge graphs. We experiment on several real-world datasets with state-of-the-art knowledge graph-based explainable recommendation algorithms. The promising results show that our algorithm is not only able to provide high-quality explainable recommendations, but also reduces the recommendation unfairness in several respects.",Zuohui Fu; Yikun Xian; Ruoyuan Gao; Jieyu Zhao; Qiaoying Huang; Yingqiang Ge; Shuyuan Xu; Shijie Geng; Chirag Shah; Yongfeng Zhang; Gerard de Melo,cs.IR cs.AI cs.SI,2020-06-03,,,https://arxiv.org/abs/2006.02046
2008.02194,On the Characterization of Expressive Performance in Classical Music: First Results of the Con Espressione Game,"A piece of music can be expressively performed, or interpreted, in a variety of ways. With the help of an online questionnaire, the Con Espressione Game, we collected some 1,500 descriptions of expressive character relating to 45 performances of 9 excerpts from classical piano pieces, played by different famous pianists. More specifically, listeners were asked to describe, using freely chosen words (preferably: adjectives), how they perceive the expressive character of the different performances. In this paper, we offer a first account of this new data resource for expressive performance research, and provide an exploratory analysis, addressing three main questions: (1) how similarly do different listeners describe a performance of a piece? (2) what are the main dimensions (or axes) for expressive character emerging from this?; and (3) how do measurable parameters of a performance (e.g., tempo, dynamics) and mid- and high-level features that can be predicted by machine learning models (e.g., articulation, arousal) relate to these expressive dimensions? The dataset that we publish along with this paper was enriched by adding hand-corrected score-to-performance alignments, as well as descriptive audio features such as tempo and dynamics curves.",Carlos Cancino-Chacón; Silvan Peter; Shreyan Chowdhury; Anna Aljanaki; Gerhard Widmer,cs.SD cs.IR eess.AS,2020-08-05,,,https://arxiv.org/abs/2008.02194
2008.02197,One word at a time: adversarial attacks on retrieval models,"Adversarial examples, generated by applying small perturbations to input features, are widely used to fool classifiers and measure their robustness to noisy inputs. However, little work has been done to evaluate the robustness of ranking models through adversarial examples. In this work, we present a systematic approach of leveraging adversarial examples to measure the robustness of popular ranking models. We explore a simple method to generate adversarial examples that forces a ranker to incorrectly rank the documents. Using this approach, we analyze the robustness of various ranking models and the quality of perturbations generated by the adversarial attacker across two datasets. Our findings suggest that with very few token changes (1-3), the attacker can yield semantically similar perturbed documents that can fool different rankers into changing a document's score, lowering its rank by several positions.",Nisarg Raval; Manisha Verma,cs.IR,2020-08-05,,,https://arxiv.org/abs/2008.02197
2008.02460,DeText: A Deep Text Ranking Framework with BERT,"Ranking is the most important component in a search system. Mostsearch systems deal with large amounts of natural language data,hence an effective ranking system requires a deep understandingof text semantics. Recently, deep learning based natural languageprocessing (deep NLP) models have generated promising results onranking systems. BERT is one of the most successful models thatlearn contextual embedding, which has been applied to capturecomplex query-document relations for search ranking. However,this is generally done by exhaustively interacting each query wordwith each document word, which is inefficient for online servingin search product systems. In this paper, we investigate how tobuild an efficient BERT-based ranking model for industry use cases.The solution is further extended to a general ranking framework,DeText, that is open sourced and can be applied to various rankingproductions. Offline and online experiments of DeText on threereal-world search systems present significant improvement overstate-of-the-art approaches.",Weiwei Guo; Xiaowei Liu; Sida Wang; Huiji Gao; Ananth Sankar; Zimeng Yang; Qi Guo; Liang Zhang; Bo Long; Bee-Chung Chen; Deepak Agarwal,cs.IR cs.CL,2020-08-06,,,https://arxiv.org/abs/2008.02460
2008.01969,Retrieve Synonymous keywords for Frequent Queries in Sponsored Search in a Data Augmentation Way,"In sponsored search, retrieving synonymous keywords is of great importance for accurately targeted advertising. The semantic gap between queries and keywords and the extremely high precision requirements (>= 95\%) are two major challenges to this task. To the best of our knowledge, the problem has not been openly discussed. In an industrial sponsored search system, the retrieved keywords for frequent queries are usually done ahead of time and stored in a lookup table. Considering these results as a seed dataset, we propose a data-augmentation-like framework to improve the synonymous retrieval performance for these frequent queries. This framework comprises two steps: translation-based retrieval and discriminant-based filtering. Firstly, we devise a Trie-based translation model to make a data increment. In this phase, a Bag-of-Core-Words trick is conducted, which increased the data increment's volume 4.2 times while keeping the original precision. Then we use a BERT-based discriminant model to filter out nonsynonymous pairs, which exceeds the traditional feature-driven GBDT model with 11\% absolute AUC improvement. This method has been successfully applied to Baidu's sponsored search system, which has yielded a significant improvement in revenue. In addition, a commercial Chinese dataset containing 500K synonymous pairs with a precision of 95\% is released to the public for paraphrase study (http://ai.baidu.com/broad/subordinate?dataset=paraphrasing).",Yijiang Lian; Zhenjun You; Fan Wu; Wenqiang Liu; Jing Jia,cs.IR,2020-08-05,,,https://arxiv.org/abs/2008.01969
2008.02002,Fast top-K Cosine Similarity Search through XOR-Friendly Binary Quantization on GPUs,"We explore the use of GPU for accelerating large scale nearest neighbor search and we propose a fast vector-quantization-based exhaustive nearest neighbor search algorithm that can achieve high accuracy without any indexing construction specifically designed for cosine similarity. This algorithm uses a novel XOR-friendly binary quantization method to encode floating-point numbers such that high-complexity multiplications can be optimized as low-complexity bitwise operations. Experiments show that, our quantization method takes short preprocessing time, and helps make the search speed of our exhaustive search method much more faster than that of popular approximate nearest neighbor algorithms when high accuracy is needed.",Xiaozheng Jian; Jianqiu Lu; Zexi Yuan; Ao Li,cs.CV cs.IR,2020-08-05,,,https://arxiv.org/abs/2008.02002
2008.04820,LTIatCMU at SemEval-2020 Task 11: Incorporating Multi-Level Features for Multi-Granular Propaganda Span Identification,"In this paper we describe our submission for the task of Propaganda Span Identification in news articles. We introduce a BERT-BiLSTM based span-level propaganda classification model that identifies which token spans within the sentence are indicative of propaganda. The ""multi-granular"" model incorporates linguistic knowledge at various levels of text granularity, including word, sentence and document level syntactic, semantic and pragmatic affect features, which significantly improve model performance, compared to its language-agnostic variant. To facilitate better representation learning, we also collect a corpus of 10k news articles, and use it for fine-tuning the model. The final model is a majority-voting ensemble which learns different propaganda class boundaries by leveraging different subsets of incorporated knowledge and attains $4^{th}$ position on the test leaderboard. Our final model and code is released at https://github.com/sopu/PropagandaSemEval2020.",Sopan Khosla; Rishabh Joshi; Ritam Dutt; Alan W Black; Yulia Tsvetkov,cs.CL cs.IR cs.LG,2020-08-11,,,https://arxiv.org/abs/2008.04820
2008.04467,Challenges in Docker Development: A Large-scale Study Using Stack Overflow,"Docker technology has been increasingly used among software developers in a multitude of projects. This growing interest is due to the fact that Docker technology supports a convenient process for creating and building containers, promoting close cooperation between developer and operations teams, and enabling continuous software delivery. As a fast-growing technology, it is important to identify the Docker-related topics that are most popular as well as existing challenges and difficulties that developers face. This paper presents a large-scale empirical study identifying practitioners' perspectives on Docker technology by mining posts from the Stack Overflow (SoF) community. Method: A dataset of 113,922 Docker-related posts was created based on a set of relevant tags and contents. The dataset was cleaned and prepared. Topic modelling was conducted using Latent Dirichlet Allocation (LDA), allowing the identification of dominant topics in the domain. Our results show that most developers use SoF to ask about a broad spectrum of Docker topics including framework development, application deployment, continuous integration, web-server configuration and many more. We determined that 30 topics that developers discuss can be grouped into 13 main categories. Most of the posts belong to categories of application development, configuration, and networking. On the other hand, we find that the posts on monitoring status, transferring data, and authenticating users are more popular among developers compared to the other topics. Specifically, developers face challenges in web browser issues, networking error and memory management. Besides, there is a lack of experts in this domain. Our research findings will guide future work on the development of new tools and techniques, helping the community to focus efforts and understand existing trade-offs on Docker topics.",Mubin Ul Haque; Leonardo Horn Iwaya; M. Ali Babar,cs.SE cs.IR,2020-08-11,10.1145/3382494.3410693,,https://arxiv.org/abs/2008.04467
2007.09536,Hierarchical Topic Mining via Joint Spherical Tree and Text Embedding,"Mining a set of meaningful topics organized into a hierarchy is intuitively appealing since topic correlations are ubiquitous in massive text corpora. To account for potential hierarchical topic structures, hierarchical topic models generalize flat topic models by incorporating latent topic hierarchies into their generative modeling process. However, due to their purely unsupervised nature, the learned topic hierarchy often deviates from users' particular needs or interests. To guide the hierarchical topic discovery process with minimal user supervision, we propose a new task, Hierarchical Topic Mining, which takes a category tree described by category names only, and aims to mine a set of representative terms for each category from a text corpus to help a user comprehend his/her interested topics. We develop a novel joint tree and text embedding method along with a principled optimization procedure that allows simultaneous modeling of the category tree structure and the corpus generative process in the spherical space for effective category-representative term discovery. Our comprehensive experiments show that our model, named JoSH, mines a high-quality set of hierarchical topics with high efficiency and benefits weakly-supervised hierarchical text classification tasks.",Yu Meng; Yunyi Zhang; Jiaxin Huang; Yu Zhang; Chao Zhang; Jiawei Han,cs.CL cs.IR cs.LG,2020-07-18,10.1145/3394486.3403242,,https://arxiv.org/abs/2007.09536
2008.07226,Exploring Longitudinal Effects of Session-based Recommendations,"Session-based recommendation is a problem setting where the task of a recommender system is to make suitable item suggestions based only on a few observed user interactions in an ongoing session. The lack of long-term preference information about individual users in such settings usually results in a limited level of personalization, where a small set of popular items may be recommended to many users. This repeated exposure of such a subset of the items through the recommendations may in turn lead to a reinforcement effect over time, and to a system which is not able to help users discover new content anymore to the desirable extent. In this work, we investigate such potential longitudinal effects of session-based recommendations in a simulation-based approach. Specifically, we analyze to what extent algorithms of different types may lead to concentration effects over time. Our experiments in the music domain reveal that all investigated algorithms---both neural and heuristic ones---may lead to lower item coverage and to a higher concentration on a subset of the items. Additional simulation experiments however also indicate that relatively simple re-ranking strategies, e.g., by avoiding too many repeated recommendations in the music domain, may help to deal with this problem.",Andres Ferraro; Dietmar Jannach; Xavier Serra,cs.IR,2020-08-17,10.1145/3383313.3412213,,https://arxiv.org/abs/2008.07226
2008.06908,Visually Aware Skip-Gram for Image Based Recommendations,"The visual appearance of a product significantly influences purchase decisions on e-commerce websites. We propose a novel framework VASG (Visually Aware Skip-Gram) for learning user and product representations in a common latent space using product image features. Our model is an amalgamation of the Skip-Gram architecture and a deep neural network based Decoder. Here the Skip-Gram attempts to capture user preference by optimizing user-product co-occurrence in a Heterogeneous Information Network while the Decoder simultaneously learns a mapping to transform product image features to the Skip-Gram embedding space. This architecture is jointly optimized in an end-to-end, multitask fashion. The proposed framework enables us to make personalized recommendations for cold-start products which have no purchase history. Experiments conducted on large real-world datasets show that the learned embeddings can generate effective recommendations using nearest neighbour searches.",Parth Tiwari; Yash Jain; Shivansh Mundra; Jenny Harding; Manoj Kumar Tiwari,cs.IR cs.MM,2020-08-16,,,https://arxiv.org/abs/2008.06908
2007.11893,Critically Examining the Claimed Value of Convolutions over User-Item Embedding Maps for Recommender Systems,"In recent years, algorithm research in the area of recommender systems has shifted from matrix factorization techniques and their latent factor models to neural approaches. However, given the proven power of latent factor models, some newer neural approaches incorporate them within more complex network architectures. One specific idea, recently put forward by several researchers, is to consider potential correlations between the latent factors, i.e., embeddings, by applying convolutions over the user-item interaction map. However, contrary to what is claimed in these articles, such interaction maps do not share the properties of images where Convolutional Neural Networks (CNNs) are particularly useful. In this work, we show through analytical considerations and empirical evaluations that the claimed gains reported in the literature cannot be attributed to the ability of CNNs to model embedding correlations, as argued in the original papers. Moreover, additional performance evaluations show that all of the examined recent CNN-based models are outperformed by existing non-neural machine learning techniques or traditional nearest-neighbor approaches. On a more general level, our work points to major methodological issues in recommender systems research.",Maurizio Ferrari Dacrema; Federico Parroni; Paolo Cremonesi; Dietmar Jannach,cs.IR cs.LG cs.NE,2020-07-23,10.1145/3340531.3411901,"The 29th ACM International Conference on Information and Knowledge Management (CIKM '20), October 19--23, 2020, Virtual Event, Ireland",https://arxiv.org/abs/2007.11893
2007.12135,FedCTR: Federated Native Ad CTR Prediction with Multi-Platform User Behavior Data,"Native ad is a popular type of online advertisement which has similar forms with the native content displayed on websites. Native ad CTR prediction is useful for improving user experience and platform revenue. However, it is challenging due to the lack of explicit user intent, and users' behaviors on the platform with native ads may not be sufficient to infer their interest in ads. Fortunately, user behaviors exist on many online platforms and they can provide complementary information for user interest mining. Thus, leveraging multi-platform user behaviors is useful for native ad CTR prediction. However, user behaviors are highly privacy-sensitive and the behavior data on different platforms cannot be directly aggregated due to user privacy concerns and data protection regulations like GDPR. Existing CTR prediction methods usually require centralized storage of user behavior data for user modeling and cannot be directly applied to the CTR prediction task with multi-platform user behaviors. In this paper, we propose a federated native ad CTR prediction method named FedCTR, which can learn user interest representations from their behaviors on multiple platforms in a privacy-preserving way. On each platform a local user model is used to learn user embeddings from the local user behaviors on that platform. The local user embeddings from different platforms are uploaded to a server for aggregation, and the aggregated user embeddings are sent to the ad platform for CTR prediction. Besides, we apply LDP and DP techniques to the local and aggregated user embeddings respectively for better privacy protection. Moreover, we propose a federated framework for model training with distributed models and user behaviors. Extensive experiments on real-world dataset show that FedCTR can effectively leverage multi-platform user behaviors for native ad CTR prediction in a privacy-preserving manner.",Chuhan Wu; Fangzhao Wu; Tao Di; Yongfeng Huang; Xing Xie,cs.IR,2020-07-23,,,https://arxiv.org/abs/2007.12135
2406.09320,Khmer Semantic Search Engine (KSE): Digital Information Access and Document Retrieval,"The search engine process is crucial for document content retrieval. For Khmer documents, an effective tool is needed to extract essential keywords and facilitate accurate searches. Despite the daily generation of significant Khmer content, Cambodians struggle to find necessary documents due to the lack of an effective semantic searching tool. Even Google does not deliver high accuracy for Khmer content. Semantic search engines improve search results by employing advanced algorithms to understand various content types. With the rise in Khmer digital content such as reports, articles, and social media feedback enhanced search capabilities are essential. This research proposes the first Khmer Semantic Search Engine (KSE), designed to enhance traditional Khmer search methods. Utilizing semantic matching techniques and formally annotated semantic content, our tool extracts meaningful keywords from user queries, performs precise matching, and provides the best matching offline documents and online URLs. We propose three semantic search frameworks: semantic search based on a keyword dictionary, semantic search based on ontology, and semantic search based on ranking. Additionally, we developed tools for data preparation, including document addition and manual keyword extraction. To evaluate performance, we created a ground truth dataset and addressed issues related to searching and semantic search. Our findings demonstrate that understanding search term semantics can lead to significantly more accurate results.",Nimol Thuon,cs.IR cs.CL,2024-06-13,,,https://arxiv.org/abs/2406.09320
2403.00807,Enhancing Cloud-Based Large Language Model Processing with Elasticsearch and Transformer Models,"Large Language Models (LLMs) are a class of generative AI models built using the Transformer network, capable of leveraging vast datasets to identify, summarize, translate, predict, and generate language. LLMs promise to revolutionize society, yet training these foundational models poses immense challenges. Semantic vector search within large language models is a potent technique that can significantly enhance search result accuracy and relevance. Unlike traditional keyword-based search methods, semantic search utilizes the meaning and context of words to grasp the intent behind queries and deliver more precise outcomes. Elasticsearch emerges as one of the most popular tools for implementing semantic search an exceptionally scalable and robust search engine designed for indexing and searching extensive datasets. In this article, we delve into the fundamentals of semantic search and explore how to harness Elasticsearch and Transformer models to bolster large language model processing paradigms. We gain a comprehensive understanding of semantic search principles and acquire practical skills for implementing semantic search in real-world model application scenarios.",Chunhe Ni; Jiang Wu; Hongbo Wang; Wenran Lu; Chenwei Zhang,cs.IR cs.CL cs.DC cs.DL,2024-02-24,,,https://arxiv.org/abs/2403.00807
2309.08185,Multilingual Sentence-Level Semantic Search using Meta-Distillation Learning,"Multilingual semantic search is the task of retrieving relevant contents to a query expressed in different language combinations. This requires a better semantic understanding of the user's intent and its contextual meaning. Multilingual semantic search is less explored and more challenging than its monolingual or bilingual counterparts, due to the lack of multilingual parallel resources for this task and the need to circumvent ""language bias"". In this work, we propose an alignment approach: MAML-Align, specifically for low-resource scenarios. Our approach leverages meta-distillation learning based on MAML, an optimization-based Model-Agnostic Meta-Learner. MAML-Align distills knowledge from a Teacher meta-transfer model T-MAML, specialized in transferring from monolingual to bilingual semantic search, to a Student model S-MAML, which meta-transfers from bilingual to multilingual semantic search. To the best of our knowledge, we are the first to extend meta-distillation to a multilingual search application. Our empirical results show that on top of a strong baseline based on sentence transformers, our meta-distillation approach boosts the gains provided by MAML and significantly outperforms naive fine-tuning methods. Furthermore, multilingual meta-distillation learning improves generalization even to unseen languages.",Meryem M'hamdi; Jonathan May; Franck Dernoncourt; Trung Bui; Seunghyun Yoon,cs.CL,2023-09-15,,,https://arxiv.org/abs/2309.08185
2605.09236,Matching Meaning at Scale: Evaluating Semantic Search for 18th-Century Intellectual History through the Case of Locke,"While digitized corpora have transformed the study of intellectual transmission, current methods rely heavily on lexical text reuse detection, capturing verbatim quotations but fundamentally missing paraphrases and complex implicit engagement. This paper evaluates semantic search in 18th-century intellectual history through the reception of John Locke's foundational work. Using expert annotation grounded in a semantic taxonomy, we examine whether an off-the-shelf semantic search pipeline can surface meaning-level correspondences overlooked by lexical methods. Our results demonstrate that semantic search retrieves substantially more implicit receptions than lexical baselines. However, linguistic diagnostics also reveal a ""lexical gatekeeping"" effect, where retrieval remains partially constrained by surface vocabulary overlap. These findings highlight both the potential and the limitations of semantic retrieval for analyzing the circulation of ideas in large historical corpora. The data is available at https://github.com/COMHIS/locke-sim-data.",Yu Wu; Ananth Mahadevan; Filip Ginter; Michael Mathioudakis; Mikko Tolonen,cs.CL cs.AI cs.CY cs.DL cs.IR,2026-05-10,,,https://arxiv.org/abs/2605.09236
2208.11018,Query-Response Interactions by Multi-tasks in Semantic Search for Chatbot Candidate Retrieval,"Semantic search for candidate retrieval is an important yet neglected problem in retrieval-based Chatbots, which aims to select a bunch of candidate responses efficiently from a large pool. The existing bottleneck is to ensure the model architecture having two points: 1) rich interactions between a query and a response to produce query-relevant responses; 2) ability of separately projecting the query and the response into latent spaces to apply efficiently in semantic search during online inference. To tackle this problem, we propose a novel approach, called Multitask-based Semantic Search Neural Network (MSSNN) for candidate retrieval, which accomplishes query-response interactions through multi-tasks. The method employs a Seq2Seq modeling task to learn a good query encoder, and then performs a word prediction task to build response embeddings, finally conducts a simple matching model to form the dot-product scorer. Experimental studies have demonstrated the potential of the proposed approach.",Libin Shi; Kai Zhang; Wenge Rong,cs.CL,2022-08-23,,,https://arxiv.org/abs/2208.11018
2404.04169,Do Sentence Transformers Learn Quasi-Geospatial Concepts from General Text?,"Sentence transformers are language models designed to perform semantic search. This study investigates the capacity of sentence transformers, fine-tuned on general question-answering datasets for asymmetric semantic search, to associate descriptions of human-generated routes across Great Britain with queries often used to describe hiking experiences. We find that sentence transformers have some zero-shot capabilities to understand quasi-geospatial concepts, such as route types and difficulty, suggesting their potential utility for routing recommendation systems.",Ilya Ilyankou; Aldo Lipani; Stefano Cavazzi; Xiaowei Gao; James Haworth,cs.CL cs.LG,2024-04-05,,"Proceedings of The GeoExT 2024: Geographic Information Extraction from Texts Workshop co-located with The 46th European Conference on Information Retrieval, CEUR Workshop Proceedings, Vol. 3683, pp. 91-105, 2024. urn:nbn:de:0074-3683-4",https://arxiv.org/abs/2404.04169
2502.07938,Adapting Multilingual Embedding Models to Historical Luxembourgish,"The growing volume of digitized historical texts requires effective semantic search using text embeddings. However, pre-trained multilingual models face challenges with historical content due to OCR noise and outdated spellings. This study examines multilingual embeddings for cross-lingual semantic search in historical Luxembourgish (LB), a low-resource language. We collect historical Luxembourgish news articles from various periods and use GPT-4o for sentence segmentation and translation, generating 20,000 parallel training sentences per language pair. Additionally, we create a semantic search (Historical LB Bitext Mining) evaluation set and find that existing models perform poorly on cross-lingual search for historical Luxembourgish. Using our historical and additional modern parallel training data, we adapt several multilingual embedding models through contrastive learning or knowledge distillation and increase accuracy significantly for all models. We release our adapted models and historical Luxembourgish-German/French/English bitexts to support further research.",Andrianos Michail; Corina Julia Raclé; Juri Opitz; Simon Clematide,cs.CL,2025-02-11,,,https://arxiv.org/abs/2502.07938
2402.13234,Unlocking Insights: Semantic Search in Jupyter Notebooks,"Semantic search, a process aimed at delivering highly relevant search results by comprehending the searcher's intent and the contextual meaning of terms within a searchable dataspace, plays a pivotal role in information retrieval. In this paper, we investigate the application of large language models to enhance semantic search capabilities, specifically tailored for the domain of Jupyter Notebooks. Our objective is to retrieve generated outputs, such as figures or tables, associated functions and methods, and other pertinent information. We demonstrate a semantic search framework that achieves a comprehensive semantic understanding of the entire notebook's contents, enabling it to effectively handle various types of user queries. Key components of this framework include: 1). A data preprocessor is designed to handle diverse types of cells within Jupyter Notebooks, encompassing both markdown and code cells. 2). An innovative methodology is devised to address token size limitations that arise with code-type cells. We implement a finer-grained approach to data input, transitioning from the cell level to the function level, effectively resolving these issues.",Lan Li; Jinpeng Lv,cs.IR cs.CL,2024-02-20,,,https://arxiv.org/abs/2402.13234
2201.10005,Text and Code Embeddings by Contrastive Pre-Training,"Text embeddings are useful features in many applications such as semantic search and computing text similarity. Previous work typically trains models customized for different use cases, varying in dataset choice, training objective and model architecture. In this work, we show that contrastive pre-training on unsupervised data at scale leads to high quality vector representations of text and code. The same unsupervised text embeddings that achieve new state-of-the-art results in linear-probe classification also display impressive semantic search capabilities and sometimes even perform competitively with fine-tuned models. On linear-probe classification accuracy averaging over 7 tasks, our best unsupervised model achieves a relative improvement of 4% and 1.8% over previous best unsupervised and supervised text embedding models respectively. The same text embeddings when evaluated on large-scale semantic search attains a relative improvement of 23.4%, 14.7%, and 10.6% over previous best unsupervised methods on MSMARCO, Natural Questions and TriviaQA benchmarks, respectively. Similarly to text embeddings, we train code embedding models on (text, code) pairs, obtaining a 20.8% relative improvement over prior best work on code search.",Arvind Neelakantan; Tao Xu; Raul Puri; Alec Radford; Jesse Michael Han; Jerry Tworek; Qiming Yuan; Nikolas Tezak; Jong Wook Kim; Chris Hallacy; Johannes Heidecke; Pranav Shyam; Boris Power; Tyna Eloundou Nekoul; Girish Sastry; Gretchen Krueger; David Schnurr; Felipe Petroski Such; Kenny Hsu; Madeleine Thompson; Tabarak Khan; Toki Sherbakov; Joanne Jang; Peter Welinder; Lilian Weng,cs.CL cs.LG,2022-01-24,,,https://arxiv.org/abs/2201.10005
2403.18350,Evaluation of Semantic Search and its Role in Retrieved-Augmented-Generation (RAG) for Arabic Language,"The latest advancements in machine learning and deep learning have brought forth the concept of semantic similarity, which has proven immensely beneficial in multiple applications and has largely replaced keyword search. However, evaluating semantic similarity and conducting searches for a specific query across various documents continue to be a complicated task. This complexity is due to the multifaceted nature of the task, the lack of standard benchmarks, whereas these challenges are further amplified for Arabic language. This paper endeavors to establish a straightforward yet potent benchmark for semantic search in Arabic. Moreover, to precisely evaluate the effectiveness of these metrics and the dataset, we conduct our assessment of semantic search within the framework of retrieval augmented generation (RAG).",Ali Mahboub; Muhy Eddin Za'ter; Bashar Al-Rfooh; Yazan Estaitia; Adnan Jaljuli; Asma Hakouz,cs.CL,2024-03-27,,,https://arxiv.org/abs/2403.18350
2406.17262,D2LLM: Decomposed and Distilled Large Language Models for Semantic Search,"The key challenge in semantic search is to create models that are both accurate and efficient in pinpointing relevant sentences for queries. While BERT-style bi-encoders excel in efficiency with pre-computed embeddings, they often miss subtle nuances in search tasks. Conversely, GPT-style LLMs with cross-encoder designs capture these nuances but are computationally intensive, hindering real-time applications. In this paper, we present D2LLMs-Decomposed and Distilled LLMs for semantic search-that combines the best of both worlds. We decompose a cross-encoder into an efficient bi-encoder integrated with Pooling by Multihead Attention and an Interaction Emulation Module, achieving nuanced understanding and pre-computability. Knowledge from the LLM is distilled into this model using contrastive, rank, and feature imitation techniques. Our experiments show that D2LLM surpasses five leading baselines in terms of all metrics across three tasks, particularly improving NLI task performance by at least 6.45%. The source code is available at https://github.com/codefuse-ai/D2LLM.",Zihan Liao; Hang Yu; Jianguo Li; Jun Wang; Wei Zhang,cs.CL,2024-06-25,,,https://arxiv.org/abs/2406.17262
2202.08904,SGPT: GPT Sentence Embeddings for Semantic Search,"Decoder transformers have continued increasing in scale reaching hundreds of billions of parameters. Due to their scale the same decoder sets state-of-the-art results on various language tasks via prompting or fine-tuning. Yet, these large foundation models remain unusable for the related fields of semantic search and sentence embeddings. This prevents possibly new state-of-the-art results and forces organizations to train and maintain separate models. To this end, we propose SGPT to use decoders for sentence embeddings and semantic search via prompting or fine-tuning. At 5.8 billion parameters SGPT improves on the previously best sentence embeddings by a margin of 7% and outperforms a concurrent method with 175 billion parameters as measured on the BEIR search benchmark. Code, models and result files are freely available at https://github.com/Muennighoff/sgpt.",Niklas Muennighoff,cs.CL cs.AI cs.IR,2022-02-17,,,https://arxiv.org/abs/2202.08904
2404.19430,Sõnajaht: Definition Embeddings and Semantic Search for Reverse Dictionary Creation,"We present an information retrieval based reverse dictionary system using modern pre-trained language models and approximate nearest neighbors search algorithms. The proposed approach is applied to an existing Estonian language lexicon resource, Sõnaveeb (word web), with the purpose of enhancing and enriching it by introducing cross-lingual reverse dictionary functionality powered by semantic search. The performance of the system is evaluated using both an existing labeled English dataset of words and definitions that is extended to contain also Estonian and Russian translations, and a novel unlabeled evaluation approach that extracts the evaluation data from the lexicon resource itself using synonymy relations. Evaluation results indicate that the information retrieval based semantic search approach without any model training is feasible, producing median rank of 1 in the monolingual setting and median rank of 2 in the cross-lingual setting using the unlabeled evaluation approach, with models trained for cross-lingual retrieval and including Estonian in their training data showing superior performance in our particular task.",Aleksei Dorkin; Kairit Sirts,cs.CL,2024-04-30,,,https://arxiv.org/abs/2404.19430
2607.12195,Comparing Semantic Navigation in Humans and Large Language Models using Natural Language Processing,"Semantic memory retrieval can be conceptualized as navigation through conceptual space. We compared semantic search dynamics between humans and three large language models (GPT-4o, Gemini-2.5-Pro, Claude-Sonnet-4.5) using verbal fluency data. By applying trajectory-based NLP metrics to the items generated by 82 human participants and LLM output across eight temperature settings, we quantified three complementary dimensions: entropy (step size predictability), distance to next (successive semantic steps), and distance to centroid (global dispersion). Humans exhibited higher entropy, larger semantic steps and broader dispersion than all LLMs, indicating more variable and exploratory search. Temperature tuning produced only partial alignments, as individual metrics matched between humans and LLMs at specific settings, but no configuration reproduced the complete human profile (in all dimensions). These findings suggest that human semantic search implements a distinctive balance between local exploitation and global exploration that current model architectures fail to reproduce.",Gabriel Paris-Colombo; Rodrigo M. Cabral-Carvalho; Felipe D. Toro-Hernández,cs.CL cs.AI,2026-07-13,,"Proceedings of the Annual Meeting of the Cognitive Science Society, 48(0), 2026",https://arxiv.org/abs/2607.12195
2010.00860,Building Large Lexicalized Ontologies from Text: a Use Case in Automatic Indexing of Biotechnology Patents,"This paper presents a tool, TyDI, and methods experimented in the building of a termino-ontology, i.e. a lexicalized ontology aimed at fine-grained indexation for semantic search applications. TyDI provides facilities for knowledge engineers and domain experts to efficiently collaborate to validate, organize and conceptualize corpus extracted terms. A use case on biotechnology patent search demonstrates TyDI's potential.",Claire Nédellec; Wiktoria Golik; Sophie Aubin; Robert Bossy,cs.AI cs.CL cs.IR,2020-10-02,10.1007/978-3-642-16438-5_41,"International Conference on Knowledge Engineering and Knowledge Management. EKAW 2010. Lecture Notes in Computer Science, vol 6317. (pp. 514-523) Springer, Berlin, Heidelberg",https://arxiv.org/abs/2010.00860
2410.00427,Conversational Exploratory Search of Scholarly Publications Using Knowledge Graphs,"Traditional search methods primarily depend on string matches, while semantic search targets concept-based matches by recognizing underlying intents and contextual meanings of search terms. Semantic search is particularly beneficial for discovering scholarly publications where differences in vocabulary between users' search terms and document content are common, often yielding irrelevant search results. Many scholarly search engines have adopted knowledge graphs to represent semantic relations between authors, publications, and research concepts. However, users may face challenges when navigating these graphical search interfaces due to the complexity and volume of data, which impedes their ability to discover publications effectively. To address this problem, we developed a conversational search system for exploring scholarly publications using a knowledge graph. We outline the methodical approach for designing and implementing the proposed system, detailing its architecture and functional components. To assess the system's effectiveness, we employed various performance metrics and conducted a human evaluation with 40 participants, demonstrating how the conversational interface compares against a graphical interface with traditional text search. The findings from our evaluation provide practical insights for advancing the design of conversational search systems.",Phillip Schneider; Florian Matthes,cs.CL cs.IR,2024-10-01,,,https://arxiv.org/abs/2410.00427
2110.07342,FILM: Following Instructions in Language with Modular Methods,"Recent methods for embodied instruction following are typically trained end-to-end using imitation learning. This often requires the use of expert trajectories and low-level language instructions. Such approaches assume that neural states will integrate multimodal semantics to perform state tracking, building spatial memory, exploration, and long-term planning. In contrast, we propose a modular method with structured representations that (1) builds a semantic map of the scene and (2) performs exploration with a semantic search policy, to achieve the natural language goal. Our modular method achieves SOTA performance (24.46 %) with a substantial (8.17 % absolute) gap from previous work while using less data by eschewing both expert trajectories and low-level instructions. Leveraging low-level language, however, can further increase our performance (26.49 %). Our findings suggest that an explicit spatial memory and a semantic search policy can provide a stronger and more general representation for state-tracking and guidance, even in the absence of expert trajectories or low-level instructions.",So Yeon Min; Devendra Singh Chaplot; Pradeep Ravikumar; Yonatan Bisk; Ruslan Salakhutdinov,cs.CL cs.LG,2021-10-12,,,https://arxiv.org/abs/2110.07342
2412.10008,Automated Collection of Evaluation Dataset for Semantic Search in Low-Resource Domain Language,"Domain-specific languages that use a lot of specific terminology often fall into the category of low-resource languages. Collecting test datasets in a narrow domain is time-consuming and requires skilled human resources with domain knowledge and training for the annotation task. This study addresses the challenge of automated collecting test datasets to evaluate semantic search in low-resource domain-specific German language of the process industry. Our approach proposes an end-to-end annotation pipeline for automated query generation to the score reassessment of query-document pairs. To overcome the lack of text encoders trained in the German chemistry domain, we explore a principle of an ensemble of ""weak"" text encoders trained on common knowledge datasets. We combine individual relevance scores from diverse models to retrieve document candidates and relevance scores generated by an LLM, aiming to achieve consensus on query-document alignment. Evaluation results demonstrate that the ensemble method significantly improves alignment with human-assigned relevance scores, outperforming individual models in both inter-coder agreement and accuracy metrics. These findings suggest that ensemble learning can effectively adapt semantic search systems for specialized, low-resource languages, offering a practical solution to resource limitations in domain-specific contexts.",Anastasia Zhukova; Christian E. Matt; Bela Gipp,cs.CL,2024-12-13,,,https://arxiv.org/abs/2412.10008
1807.05574,WordNet-Based Information Retrieval Using Common Hypernyms and Combined Features,"Text search based on lexical matching of keywords is not satisfactory due to polysemous and synonymous words. Semantic search that exploits word meanings, in general, improves search performance. In this paper, we survey WordNet-based information retrieval systems, which employ a word sense disambiguation method to process queries and documents. The problem is that in many cases a word has more than one possible direct sense, and picking only one of them may give a wrong sense for the word. Moreover, the previous systems use only word forms to represent word senses and their hypernyms. We propose a novel approach that uses the most specific common hypernym of the remaining undisambiguated multi-senses of a word, as well as combined WordNet features to represent word meanings. Experiments on a benchmark dataset show that, in terms of the MAP measure, our search engine is 17.7% better than the lexical search, and at least 9.4% better than all surveyed search systems using WordNet. Keywords Ontology, word sense disambiguation, semantic annotation, semantic search.",Vuong M. Ngo; Tru H. Cao; Tuan M. V. Le,cs.CL cs.IR,2018-07-15,,,https://arxiv.org/abs/1807.05574
2307.14899,Retrieval-based Text Selection for Addressing Class-Imbalanced Data in Classification,"This paper addresses the problem of selecting of a set of texts for annotation in text classification using retrieval methods when there are limits on the number of annotations due to constraints on human resources. An additional challenge addressed is dealing with binary categories that have a small number of positive instances, reflecting severe class imbalance. In our situation, where annotation occurs over a long time period, the selection of texts to be annotated can be made in batches, with previous annotations guiding the choice of the next set. To address these challenges, the paper proposes leveraging SHAP to construct a quality set of queries for Elasticsearch and semantic search, to try to identify optimal sets of texts for annotation that will help with class imbalance. The approach is tested on sets of cue texts describing possible future events, constructed by participants involved in studies aimed to help with the management of obesity and diabetes. We introduce an effective method for selecting a small set of texts for annotation and building high-quality classifiers. We integrate vector search, semantic search, and machine learning classifiers to yield a good solution. Our experiments demonstrate improved F1 scores for the minority classes in binary classification.",Sareh Ahmadi; Aditya Shah; Edward Fox,cs.CL,2023-07-27,,,https://arxiv.org/abs/2307.14899
2304.14395,string2string: A Modern Python Library for String-to-String Algorithms,"We introduce string2string, an open-source library that offers a comprehensive suite of efficient algorithms for a broad range of string-to-string problems. It includes traditional algorithmic solutions as well as recent advanced neural approaches to tackle various problems in string alignment, distance measurement, lexical and semantic search, and similarity analysis -- along with several helpful visualization tools and metrics to facilitate the interpretation and analysis of these methods. Notable algorithms featured in the library include the Smith-Waterman algorithm for pairwise local alignment, the Hirschberg algorithm for global alignment, the Wagner-Fisher algorithm for edit distance, BARTScore and BERTScore for similarity analysis, the Knuth-Morris-Pratt algorithm for lexical search, and Faiss for semantic search. Besides, it wraps existing efficient and widely-used implementations of certain frameworks and metrics, such as sacreBLEU and ROUGE, whenever it is appropriate and suitable. Overall, the library aims to provide extensive coverage and increased flexibility in comparison to existing libraries for strings. It can be used for many downstream applications, tasks, and problems in natural-language processing, bioinformatics, and computational social sciences. It is implemented in Python, easily installable via pip, and accessible through a simple API. Source code, documentation, and tutorials are all available on our GitHub page: https://github.com/stanfordnlp/string2string.",Mirac Suzgun; Stuart M. Shieber; Dan Jurafsky,cs.CL cs.DL,2023-04-27,,,https://arxiv.org/abs/2304.14395
2608.28283,Embedding Models for Stance-Aware Argument Retrieval,"In computational argumentation, obtaining arguments that explicitly support or attack given claims is a critical precursor to downstream reasoning tasks. When these supporting and attacking arguments are to be retrieved using semantic search methods, they need to be assessed for topic-relevance to the claims of interest as well as for correctness of their (positive or negative) stance towards the claims. In this paper we explore how dense embedding models (hereafter, models), powering modern retrieval pipelines, can serve as the basis of semantic search incorporating this dual assessment. We show experimentally that existing models struggle with asymmetric reasoning, exhibiting a strong bias toward topical overlap while ignoring instructional stance. We also show that correcting this bias via contrastive training triggers a new failure mode where models over-correct, over-fixating on polarity keywords (e.g., ""supports"" or ""refutes"") at the expense of the semantic topic. We thus introduce diagnostic word-ablation metrics to quantify this phenomenon and propose a data-centric solution. By implementing a balanced argument curriculum alongside LLM-augmented, stance-inverted arguments, we force the (embedding) models to learn deeper directional logic rather than exploiting superficial lexical shortcuts. Our evaluation demonstrates that, for sufficiently powerful models, this approach can alleviate the observed overcorrection, achieving further improvements in stance-aware argument retrieval.",Angelo Sparacino; Francesca Toni; Adam Dejl,cs.CL cs.AI,2026-08-28,,,https://arxiv.org/abs/2608.28283
2610.05099,Small Agents with Semantic Search: Efficient Multilingual Code Localization,"Locating relevant files from natural-language requests is a core subtask for agents operating over code repositories. We investigate whether this task can be delegated to compact, specialized models to enable on-device search while reducing the token usage, latency, and inference cost of larger agents. We show that semantic search improves file localization, with gains in accuracy, cross-language transfer, and inference efficiency. To study this setting, we introduce a training framework for file-localization agents built around ColGREP, a local semantic search tool based on late-interaction retrieval models. Our recipe combines weighted supervised fine-tuning on teacher trajectories, assigning turn-level credit based on retrieval outcomes, with reinforcement learning on localization quality. We train three model families with fewer than two billion parameters to formulate search queries, inspect retrieved content, and identify relevant files. On localization tasks derived from SWE-bench Lite and Multi-SWE-bench Flash, ColGREP-equipped agents substantially improve over their base models and outperform corresponding GREP-based agents. In addition to improving localization accuracy, ColGREP reduces mean end-to-end trajectory latency by 44.1\% on CPU while using 29.1\% fewer tokens, and enables better generalization to programming languages unseen during fine-tuning. These results suggest that compact, tool-specialized localization agents can provide an efficient interface between natural-language requests and large codebases.",Maxence Lasbordes; Aarush Sinha; Raphael Sourty; Amélie Chatelain; Djamé Seddah,cs.CL,2026-10-04,,,https://arxiv.org/abs/2610.05099
2406.07990,Topological quantification of ambiguity in semantic search,"We studied how the local topological structure of sentence-embedding neighborhoods encodes semantic ambiguity. Extending ideas that link word-level polysemy to non-trivial persistent homology, we generalized the concept to full sentences and quantified ambiguity of a query in a semantic search process with two persistent homology metrics: the 1-Wasserstein norm of $H_{0}$ and the maximum loop lifetime of $H_{1}$. We formalized the notion of ambiguity as the relative presence of semantic domains or topics in sentences. We then used this formalism to compute ""ab-initio"" simulations that encode datapoints as linear combination of randomly generated single topics vectors in an arbitrary embedding space and demonstrate that ambiguous sentences separate from unambiguous ones in both metrics. Finally we validated those findings with real-world case by investigating on a fully open corpus comprising Nobel Prize Physics lectures from 1901 to 2024, segmented into contiguous, non-overlapping chunks at two granularity: $\sim\!250$ tokens and $\sim\!750$ tokens. We tested embedding with four publicly available models. Results across all models reproduce simulations and remain stable despite changes in embedding architecture. We conclude that persistent homology provides a model-agnostic signal of semantic discontinuities, suggesting practical use for ambiguity detection and semantic search recall.",Thomas Roland Barillot; Alex De Castro,cs.LG cs.AI cs.CL,2024-06-12,,,https://arxiv.org/abs/2406.07990
2307.02313,Utilizing ChatGPT Generated Data to Retrieve Depression Symptoms from Social Media,"In this work, we present the contribution of the BLUE team in the eRisk Lab task on searching for symptoms of depression. The task consists of retrieving and ranking Reddit social media sentences that convey symptoms of depression from the BDI-II questionnaire. Given that synthetic data provided by LLMs have been proven to be a reliable method for augmenting data and fine-tuning downstream models, we chose to generate synthetic data using ChatGPT for each of the symptoms of the BDI-II questionnaire. We designed a prompt such that the generated data contains more richness and semantic diversity than the BDI-II responses for each question and, at the same time, contains emotional and anecdotal experiences that are specific to the more intimate way of sharing experiences on Reddit. We perform semantic search and rank the sentences' relevance to the BDI-II symptoms by cosine similarity. We used two state-of-the-art transformer-based models (MentalRoBERTa and a variant of MPNet) for embedding the social media posts, the original and generated responses of the BDI-II. Our results show that using sentence embeddings from a model designed for semantic search outperforms the approach using embeddings from a model pre-trained on mental health data. Furthermore, the generated synthetic data were proved too specific for this task, the approach simply relying on the BDI-II responses had the best performance.",Ana-Maria Bucur,cs.CL,2023-07-05,,,https://arxiv.org/abs/2307.02313
1911.01256,A Novel Approach to Enhance the Performance of Semantic Search in Bengali using Neural Net and other Classification Techniques,"Search has for a long time been an important tool for users to retrieve information. Syntactic search is matching documents or objects containing specific keywords like user-history, location, preference etc. to improve the results. However, it is often possible that the query and the best answer have no term or very less number of terms in common and syntactic search can not perform properly in such cases. Semantic search, on the other hand, resolves these issues but suffers from lack of annotation, absence of WordNet in case of low resource languages. In this work, we have demonstrated an end to end procedure to improve the performance of semantic search using semi-supervised and unsupervised learning algorithms. An available Bengali repository was chosen to have seven types of semantic properties primarily to develop the system. Performance has been tested using Support Vector Machine, Naive Bayes, Decision Tree and Artificial Neural Network (ANN). Our system has achieved the efficiency to predict the correct semantics using knowledge base over the time of learning. A repository containing around a million sentences, a product of TDIL project of Govt. of India, was used to test our system at first instance. Then the testing has been done for other languages. Being a cognitive system it may be very useful for improving user satisfaction in e-Governance or m-Governance in the multilingual environment and also for other applications.",Arijit Das; Diganta Saha,cs.CL cs.IR,2019-11-04,,IJEAT Vol 9 Issue 3 year 2020 ISSN 2249-8958,https://arxiv.org/abs/1911.01256
2502.14862,Interpretable Text Embeddings and Text Similarity Explanation: A Survey,"Text embeddings are a fundamental component in many NLP tasks, including classification, regression, clustering, and semantic search. However, despite their ubiquitous application, challenges persist in interpreting embeddings and explaining similarities between them. In this work, we provide a structured overview of methods specializing in inherently interpretable text embeddings and text similarity explanation, an underexplored research area. We characterize the main ideas, approaches, and trade-offs. We compare means of evaluation, discuss overarching lessons learned and finally identify opportunities and open challenges for future research.",Juri Opitz; Lucas Möller; Andrianos Michail; Sebastian Padó; Simon Clematide,cs.CL cs.AI cs.IR,2025-02-20,,,https://arxiv.org/abs/2502.14862
2009.09143,Active Learning for Product Type Ontology Enhancement in E-commerce,"Entity-based semantic search has been widely adopted in modern search engines to improve search accuracy by understanding users' intent. In e-commerce, an accurate and complete product type (PT) ontology is essential for recognizing product entities in queries and retrieving relevant products from catalog. However, finding product types (PTs) to construct such an ontology is usually expensive due to the considerable amount of human efforts it may involve. In this work, we propose an active learning framework that efficiently utilizes domain experts' knowledge for PT discovery. We also show the quality and coverage of the resulting PTs in the experiment results.",Yun Zhu; Sayyed M. Zahiri; Jiaqi Wang; Han-Yu Chen; Faizan Javed,cs.LG cs.AI cs.CL,2020-09-19,,,https://arxiv.org/abs/2009.09143
2607.24542,From transcription to semantic corpus analysis: unsupervised learning of sentence representations for ancient languages,"Automatic Text Recognition (ATR) now supplies digital humanities with large volumes of unstructured, heterogeneous, and often noisy text in ancient languages. Downstream semantic analysestext reuse identification, alignment, and semantic search-rely on sentence embeddings, yet existing methods transfer poorly to ancient languages: generic multilingual encoders underperform, specialized language models yield anisotropic representation spaces, and labeled similarity data is unavailable. We study two fully unsupervised strategies - TSDAE and contrastive sentence embedding (CSE) - that adapt a specialized token-level language model into a corpus-specific sentence encoder using only raw sentences. On the philologically central case of biblical reuse in patristic literature (2,935 expert-verified parallels in Latin and Ancient Greek, from Augustine, Jerome, and Athanasius), we decompose reuse identification into two separately evaluated tasks-binary detection and correspondence retrieval-and benchmark the adapted encoders against multilingual, specialized, distilled, and supervised fine-tuned baselines, as well as on artificially noised data simulating HTR artifacts and scribal abbreviations. The adapted encoders outperform all baselines on both tasks, with complementary profiles: TSDAE leads detection given a large in-domain corpus, while CSE leads retrieval, reaches its optimum with as few as 4-8k raw in-domain sentences-a few tens of seconds of training on a laptop GPU-and transfers across works and authors, including to noisy post-ATR text when retrained directly on it. UMAP atlases relate the geometric effect of each strategy to the measured gains, and the full pipeline-segmentation, fine-tuning, cross-corpus semantic search-is made available to non-specialists through the online tool Paraphrasis.",Th{é}otime de la Selle,cs.CL cs.DL cs.IR,2026-07-27,,,https://arxiv.org/abs/2607.24542
1907.00937,Semantic Product Search,"We study the problem of semantic matching in product search, that is, given a customer query, retrieve all semantically related products from the catalog. Pure lexical matching via an inverted index falls short in this respect due to several factors: a) lack of understanding of hypernyms, synonyms, and antonyms, b) fragility to morphological variants (e.g. ""woman"" vs. ""women""), and c) sensitivity to spelling errors. To address these issues, we train a deep learning model for semantic matching using customer behavior data. Much of the recent work on large-scale semantic search using deep learning focuses on ranking for web search. In contrast, semantic matching for product search presents several novel challenges, which we elucidate in this paper. We address these challenges by a) developing a new loss function that has an inbuilt threshold to differentiate between random negative examples, impressed but not purchased examples, and positive examples (purchased items), b) using average pooling in conjunction with n-grams to capture short-range linguistic patterns, c) using hashing to handle out of vocabulary tokens, and d) using a model parallel training architecture to scale across 8 GPUs. We present compelling offline results that demonstrate at least 4.7% improvement in Recall@100 and 14.5% improvement in mean average precision (MAP) over baseline state-of-the-art semantic search methods using the same tokenization method. Moreover, we present results and discuss learnings from online A/B tests which demonstrate the efficacy of our method.",Priyanka Nigam; Yiwei Song; Vijai Mohan; Vihan Lakshman; Weitian; Ding; Ankit Shingavi; Choon Hui Teo; Hao Gu; Bing Yin,cs.IR cs.CL,2019-07-01,,,https://arxiv.org/abs/1907.00937
2204.05231,Towards Generalizable Semantic Product Search by Text Similarity Pre-training on Search Click Logs,"Recently, semantic search has been successfully applied to e-commerce product search and the learned semantic space(s) for query and product encoding are expected to generalize to unseen queries or products. Yet, whether generalization can conveniently emerge has not been thoroughly studied in the domain thus far. In this paper, we examine several general-domain and domain-specific pre-trained Roberta variants and discover that general-domain fine-tuning does not help generalization, which aligns with the discovery of prior art. Proper domain-specific fine-tuning with clickstream data can lead to better model generalization, based on a bucketed analysis of a publicly available manual annotated query-product pair da",Zheng Liu; Wei Zhang; Yan Chen; Weiyi Sun; Tianchuan Du; Benjamin Schroeder,cs.IR cs.AI cs.CL cs.LG,2022-04-11,,ECNLP 2022,https://arxiv.org/abs/2204.05231
2503.01003,A Semantic Search Pipeline for Causality-driven Adhoc Information Retrieval,We present a unsupervised semantic search pipeline for the Causality-driven Adhoc Information Retrieval (CAIR-2021) shared task. The CAIR shared task expands traditional information retrieval to support the retrieval of documents containing the likely causes of a query event. A successful system must be able to distinguish between topical documents and documents containing causal descriptions of events that are causally related to the query event. Our approach involves aggregating results from multiple query strategies over a semantic and lexical index. The proposed approach leads the CAIR-2021 leaderboard and outperformed both traditional IR and pure semantic embedding-based approaches.,Dhairya Dalal; Sharmi Dev Gupta; Bentolhoda Binaei,cs.IR cs.AI cs.CL,2025-03-02,,FIRE.(2021)1246-1254,https://arxiv.org/abs/2503.01003
1603.00260,Event Search and Analytics: Detecting Events in Semantically Annotated Corpora for Search and Analytics,"In this article, I present the questions that I seek to answer in my PhD research. I posit to analyze natural language text with the help of semantic annotations and mine important events for navigating large text corpora. Semantic annotations such as named entities, geographic locations, and temporal expressions can help us mine events from the given corpora. These events thus provide us with useful means to discover the locked knowledge in them. I pose three problems that can help unlock this knowledge vault in semantically annotated text corpora: i. identifying important events; ii. semantic search; and iii. event analytics.",Dhruv Gupta,cs.IR cs.CL,2016-03-01,10.1145/2835776.2855083,,https://arxiv.org/abs/1603.00260
2306.08020,Curatr: A Platform for Semantic Analysis and Curation of Historical Literary Texts,"The increasing availability of digital collections of historical and contemporary literature presents a wealth of possibilities for new research in the humanities. The scale and diversity of such collections however, presents particular challenges in identifying and extracting relevant content. This paper presents Curatr, an online platform for the exploration and curation of literature with machine learning-supported semantic search, designed within the context of digital humanities scholarship. The platform provides a text mining workflow that combines neural word embeddings with expert domain knowledge to enable the generation of thematic lexicons, allowing researches to curate relevant sub-corpora from a large corpus of 18th and 19th century digitised texts.",Susan Leavy; Gerardine Meaney; Karen Wade; Derek Greene,cs.CL cs.AI,2023-06-13,10.1007/978-3-030-36599-8_31,"Metadata and Semantic Research (MTSR 2019), Communications in Computer and Information Science, vol 1057. Springer, Cham",https://arxiv.org/abs/2306.08020
2404.15578,Can Foundational Large Language Models Assist with Conducting Pharmaceuticals Manufacturing Investigations?,"General purpose Large Language Models (LLM) such as the Generative Pretrained Transformer (GPT) and Large Language Model Meta AI (LLaMA) have attracted much attention in recent years. There is strong evidence that these models can perform remarkably well in various natural language processing tasks. However, how to leverage them to approach domain-specific use cases and drive value remains an open question. In this work, we focus on a specific use case, pharmaceutical manufacturing investigations, and propose that leveraging historical records of manufacturing incidents and deviations in an organization can be beneficial for addressing and closing new cases, or de-risking new manufacturing campaigns. Using a small but diverse dataset of real manufacturing deviations selected from different product lines, we evaluate and quantify the power of three general purpose LLMs (GPT-3.5, GPT-4, and Claude-2) in performing tasks related to the above goal. In particular, (1) the ability of LLMs in automating the process of extracting specific information such as root cause of a case from unstructured data, as well as (2) the possibility of identifying similar or related deviations by performing semantic search on the database of historical records are examined. While our results point to the high accuracy of GPT-4 and Claude-2 in the information extraction task, we discuss cases of complex interplay between the apparent reasoning and hallucination behavior of LLMs as a risk factor. Furthermore, we show that semantic search on vector embedding of deviation descriptions can be used to identify similar records, such as those with a similar type of defect, with a high level of accuracy. We discuss further improvements to enhance the accuracy of similar record identification.",Hossein Salami; Brandye Smith-Goettler; Vijay Yadav,cs.CL,2024-04-24,,,https://arxiv.org/abs/2404.15578
2103.02176,Towards Fully Intelligent Transportation through Infrastructure-Vehicle Cooperative Autonomous Driving: Challenges and Opportunities,"The infrastructure-vehicle cooperative autonomous driving approach depends on the cooperation between intelligent roads and intelligent vehicles. This approach is not only safer but also more economical compared to the traditional on-vehicle-only autonomous driving approach. In this paper, we introduce our real-world deployment experiences of cooperative autonomous driving, and delve into the details of new challenges and opportunities. Specifically, based on our progress towards commercial deployment, we follow a three-stage development roadmap of the cooperative autonomous driving approach:infrastructure-augmented autonomous driving (IAAD), infrastructure-guided autonomous driving (IGAD), and infrastructure-planned autonomous driving (IPAD).",Shaoshan Liu; Bo Yu; Jie Tang; Qi Zhu,cs.RO cs.AR cs.NI,2021-03-03,,,https://arxiv.org/abs/2103.02176
2306.12108,"Complex accident, clear responsibility","The problem of allocating accident responsibility for autonomous driving is a difficult issue in the field of autonomous driving. Due to the complexity of autonomous driving technology, most of the research on the responsibility of autonomous driving accidents has remained at the theoretical level. When encountering actual autonomous driving accidents, a proven and fair solution is needed. To address this problem, this study proposes a multi-subject responsibility allocation optimization method based on the RCModel (Risk Chain Model), which analyzes the responsibility of each actor from a technical perspective and promotes a more reasonable and fair allocation of responsibility.",Dexin Yi,cs.CY cs.RO,2023-06-21,,,https://arxiv.org/abs/2306.12108
2503.23708,Towards Benchmarking and Assessing the Safety and Robustness of Autonomous Driving on Safety-critical Scenarios,"Autonomous driving has made significant progress in both academia and industry, including performance improvements in perception task and the development of end-to-end autonomous driving systems. However, the safety and robustness assessment of autonomous driving has not received sufficient attention. Current evaluations of autonomous driving are typically conducted in natural driving scenarios. However, many accidents often occur in edge cases, also known as safety-critical scenarios. These safety-critical scenarios are difficult to collect, and there is currently no clear definition of what constitutes a safety-critical scenario. In this work, we explore the safety and robustness of autonomous driving in safety-critical scenarios. First, we provide a definition of safety-critical scenarios, including static traffic scenarios such as adversarial attack scenarios and natural distribution shifts, as well as dynamic traffic scenarios such as accident scenarios. Then, we develop an autonomous driving safety testing platform to comprehensively evaluate autonomous driving systems, encompassing not only the assessment of perception modules but also system-level evaluations. Our work systematically constructs a safety verification process for autonomous driving, providing technical support for the industry to establish standardized test framework and reduce risks in real-world road deployment.",Jingzheng Li; Xianglong Liu; Shikui Wei; Zhijun Chen; Bing Li; Qing Guo; Xianqi Yang; Yanjun Pu; Jiakai Wang,cs.RO cs.AI,2025-03-31,,,https://arxiv.org/abs/2503.23708
2412.02025,PKRD-CoT: A Unified Chain-of-thought Prompting for Multi-Modal Large Language Models in Autonomous Driving,"There is growing interest in leveraging the capabilities of robust Multi-Modal Large Language Models (MLLMs) directly within autonomous driving contexts. However, the high costs and complexity of designing and training end-to-end autonomous driving models make them challenging for many enterprises and research entities. To address this, our study explores a seamless integration of MLLMs into autonomous driving systems by proposing a Zero-Shot Chain-of-Thought (Zero-Shot-CoT) prompt design named PKRD-CoT. PKRD-CoT is based on the four fundamental capabilities of autonomous driving: perception, knowledge, reasoning, and decision-making. This makes it particularly suitable for understanding and responding to dynamic driving environments by mimicking human thought processes step by step, thus enhancing decision-making in real-time scenarios. Our design enables MLLMs to tackle problems without prior experience, thereby increasing their utility within unstructured autonomous driving environments. In experiments, we demonstrate the exceptional performance of GPT-4.0 with PKRD-CoT across autonomous driving tasks, highlighting its effectiveness in autonomous driving scenarios. Additionally, our benchmark analysis reveals the promising viability of PKRD-CoT for other MLLMs, such as Claude, LLava1.6, and Qwen-VL-Plus. Overall, this study contributes a novel and unified prompt-design framework for GPT-4.0 and other MLLMs in autonomous driving, while also rigorously evaluating the efficacy of these widely recognized MLLMs in the autonomous driving domain through comprehensive comparisons.",Xuewen Luo; Fan Ding; Yinsheng Song; Xiaofeng Zhang; Junnyong Loo,cs.RO cs.AI,2024-12-02,,,https://arxiv.org/abs/2412.02025
2208.14052,Intelligent Perception System for Vehicle-Road Cooperation,"With the development of autonomous driving, the improvement of autonomous driving technology for individual vehicles has reached the bottleneck. The advancement of vehicle-road cooperation autonomous driving technology can expand the vehicle's perception range, supplement the perception blind area and improve the perception accuracy, to promote the development of autonomous driving technology and achieve vehicle-road integration. This project mainly uses lidar to develop data fusion schemes to realize the sharing and combination of vehicle and road equipment data and achieve the detection and tracking of dynamic targets. At the same time, some test scenarios for the vehicle-road cooperative system were designed and used to test our vehicle-road cooperative awareness system, which proved the advantages of vehicle-road cooperative autonomous driving over single-vehicle autonomous driving.",Songbin Chen,cs.RO cs.AI,2022-08-30,,,https://arxiv.org/abs/2208.14052
2210.08731,Evaluation of Pedestrian Safety in a High-Fidelity Simulation Environment Framework,"Pedestrians' safety is a crucial factor in assessing autonomous driving scenarios. However, pedestrian safety evaluation is rarely considered by existing autonomous driving simulation platforms. This paper proposes a pedestrian safety evaluation method for autonomous driving, in which not only the collision events but also the conflict events together with the characteristics of pedestrians are fully considered. Moreover, to apply the pedestrian safety evaluation system, we construct a high-fidelity simulation framework embedded with pedestrian safety-critical characteristics. We demonstrate our simulation framework and pedestrian safety evaluation with a comparative experiment with two kinds of autonomous driving perception algorithms -- single-vehicle perception and vehicle-to-infrastructure (V2I) cooperative perception. The results show that our framework can evaluate different autonomous driving algorithms with detailed and quantitative pedestrian safety indexes. To this end, the proposed simulation method and framework can be used to access different autonomous driving algorithms and evaluate pedestrians' safety performance in future autonomous driving simulations, which can inspire more pedestrian-friendly autonomous driving algorithms.",Lin Ma; Longrui Chen; Yan Zhang; Mengdi Chu; Wenjie Jiang; Jiahao Shen; Chuxuan Li; Yifeng Shi; Nairui Luo; Jirui Yuan; Guyue Zhou; Jiangtao Gong,cs.AI cs.HC cs.RO,2022-10-17,,,https://arxiv.org/abs/2210.08731
1702.01894,CAAD: Computer Architecture for Autonomous Driving,"We describe the computing tasks involved in autonomous driving, examine existing autonomous driving computing platform implementations. To enable autonomous driving, the computing stack needs to simultaneously provide high performance, low power consumption, and low thermal dissipation, at low cost. We discuss possible approaches to design computing platforms that will meet these needs.",Shaoshan Liu; Jie Tang; Zhe Zhang; Jean-Luc Gaudiot,cs.AR cs.RO,2017-02-07,,,https://arxiv.org/abs/1702.01894
2409.02556,Want a Ride? Attitudes Towards Autonomous Driving and Behavior in Autonomous Vehicles,"Research conducted previously has focused on either attitudes toward or behaviors associated with autonomous driving. In this paper, we bridge these two dimensions by exploring how attitudes towards autonomous driving influence behavior in an autonomous car. We conducted a field experiment with twelve participants engaged in non-driving related tasks. Our findings indicate that attitudes towards autonomous driving do not affect participants' driving interventions in vehicle control and eye glance behavior. Therefore, studies on autonomous driving technology lacking field tests might be unreliable for assessing the potential behaviors, attitudes, and acceptance of autonomous vehicles.",Enrico Del Re; Leonie Sauer; Marco Polli; Cristina Olaverri-Monreal,cs.RO cs.HC,2024-09-04,,,https://arxiv.org/abs/2409.02556
2401.12888,"Data-Centric Evolution in Autonomous Driving: A Comprehensive Survey of Big Data System, Data Mining, and Closed-Loop Technologies","The aspiration of the next generation's autonomous driving (AD) technology relies on the dedicated integration and interaction among intelligent perception, prediction, planning, and low-level control. There has been a huge bottleneck regarding the upper bound of autonomous driving algorithm performance, a consensus from academia and industry believes that the key to surmount the bottleneck lies in data-centric autonomous driving technology. Recent advancement in AD simulation, closed-loop model training, and AD big data engine have gained some valuable experience. However, there is a lack of systematic knowledge and deep understanding regarding how to build efficient data-centric AD technology for AD algorithm self-evolution and better AD big data accumulation. To fill in the identified research gaps, this article will closely focus on reviewing the state-of-the-art data-driven autonomous driving technologies, with an emphasis on the comprehensive taxonomy of autonomous driving datasets characterized by milestone generations, key features, data acquisition settings, etc. Furthermore, we provide a systematic review of the existing benchmark closed-loop AD big data pipelines from the industrial frontier, including the procedure of closed-loop frameworks, key technologies, and empirical studies. Finally, the future directions, potential applications, limitations and concerns are discussed to arouse efforts from both academia and industry for promoting the further development of autonomous driving. The project repository is available at: https://github.com/LincanLi98/Awesome-Data-Centric-Autonomous-Driving.",Lincan Li; Wei Shao; Wei Dong; Yijun Tian; Qiming Zhang; Kaixiang Yang; Wenjie Zhang,cs.RO cs.CV,2024-01-23,,,https://arxiv.org/abs/2401.12888
2503.11400,A Framework for a Capability-driven Evaluation of Scenario Understanding for Multimodal Large Language Models in Autonomous Driving,"Multimodal large language models (MLLMs) hold the potential to enhance autonomous driving by combining domain-independent world knowledge with context-specific language guidance. Their integration into autonomous driving systems shows promising results in isolated proof-of-concept applications, while their performance is evaluated on selective singular aspects of perception, reasoning, or planning. To leverage their full potential a systematic framework for evaluating MLLMs in the context of autonomous driving is required. This paper proposes a holistic framework for a capability-driven evaluation of MLLMs in autonomous driving. The framework structures scenario understanding along the four core capability dimensions semantic, spatial, temporal, and physical. They are derived from the general requirements of autonomous driving systems, human driver cognition, and language-based reasoning. It further organises the domain into context layers, processing modalities, and downstream tasks such as language-based interaction and decision-making. To illustrate the framework's applicability, two exemplary traffic scenarios are analysed, grounding the proposed dimensions in realistic driving situations. The framework provides a foundation for the structured evaluation of MLLMs' potential for scenario understanding in autonomous driving.",Tin Stribor Sohn; Philipp Reis; Maximilian Dillitzer; Johannes Bach; Jason J. Corso; Eric Sax,cs.CV cs.RO,2025-03-14,,,https://arxiv.org/abs/2503.11400
2312.04316,Towards Knowledge-driven Autonomous Driving,"This paper explores the emerging knowledge-driven autonomous driving technologies. Our investigation highlights the limitations of current autonomous driving systems, in particular their sensitivity to data bias, difficulty in handling long-tail scenarios, and lack of interpretability. Conversely, knowledge-driven methods with the abilities of cognition, generalization and life-long learning emerge as a promising way to overcome these challenges. This paper delves into the essence of knowledge-driven autonomous driving and examines its core components: dataset \& benchmark, environment, and driver agent. By leveraging large language models, world models, neural rendering, and other advanced artificial intelligence techniques, these components collectively contribute to a more holistic, adaptive, and intelligent autonomous driving system. The paper systematically organizes and reviews previous research efforts in this area, and provides insights and guidance for future research and practical applications of autonomous driving. We will continually share the latest updates on cutting-edge developments in knowledge-driven autonomous driving along with the relevant valuable open-source resources at: \url{https://github.com/PJLab-ADG/awesome-knowledge-driven-AD}.",Xin Li; Yeqi Bai; Pinlong Cai; Licheng Wen; Daocheng Fu; Bo Zhang; Xuemeng Yang; Xinyu Cai; Tao Ma; Jianfei Guo; Xing Gao; Min Dou; Yikang Li; Botian Shi; Yong Liu; Liang He; Yu Qiao,cs.RO cs.AI cs.CV,2023-12-07,,,https://arxiv.org/abs/2312.04316
2104.01093,SMET: Scenario-based Metamorphic Testing for Autonomous Driving Models,"To improve the security and robustness of autonomous driving models, this paper presents SMET, a scenariobased metamorphic testing tool for autonomous driving models. The metamorphic relationship is divided into three dimensions (time, space, and event) and demonstrates its effectiveness through case studies in two types of autonomous driving models with different outputs.Experimental results show that this tool can well detect potential defects of the autonomous driving model, and complex scenes are more effective than simple scenes.",Haiyang Ao; Ya Pan,cs.RO,2021-04-02,,,https://arxiv.org/abs/2104.01093
2306.09462,"Motion Comfort Optimization for Autonomous Vehicles: Concepts, Methods, and Techniques","This article outlines the architecture of autonomous driving and related complementary frameworks from the perspective of human comfort. The technical elements for measuring Autonomous Vehicle (AV) user comfort and psychoanalysis are listed here. At the same time, this article introduces the technology related to the structure of automatic driving and the reaction time of automatic driving. We also discuss the technical details related to the automatic driving comfort system, the response time of the AV driver, the comfort level of the AV, motion sickness, and related optimization technologies. The function of the sensor is affected by various factors. Since the sensor of automatic driving mainly senses the environment around a vehicle, including ""the weather"" which introduces the challenges and limitations of second-hand sensors in autonomous vehicles under different weather conditions. The comfort and safety of autonomous driving are also factors that affect the development of autonomous driving technologies. This article further analyzes the impact of autonomous driving on the user's physical and psychological states and how the comfort factors of autonomous vehicles affect the automotive market. Also, part of our focus is on the benefits and shortcomings of autonomous driving. The goal is to present an exhaustive overview of the most relevant technical matters to help researchers and application developers comprehend the different comfort factors and systems of autonomous driving. Finally, we provide detailed automated driving comfort use cases to illustrate the comfort-related issues of autonomous driving. Then, we provide implications and insights for the future of autonomous driving.",Mohammed Aledhari; Mohamed Rahouti; Junaid Qadir; Basheer Qolomany; Mohsen Guizani; Ala Al-Fuqaha,cs.RO cs.AI cs.CV cs.LG,2023-06-15,,,https://arxiv.org/abs/2306.09462
2407.06546,Exploring the Causality of End-to-End Autonomous Driving,"Deep learning-based models are widely deployed in autonomous driving areas, especially the increasingly noticed end-to-end solutions. However, the black-box property of these models raises concerns about their trustworthiness and safety for autonomous driving, and how to debug the causality has become a pressing concern. Despite some existing research on the explainability of autonomous driving, there is currently no systematic solution to help researchers debug and identify the key factors that lead to the final predicted action of end-to-end autonomous driving. In this work, we propose a comprehensive approach to explore and analyze the causality of end-to-end autonomous driving. First, we validate the essential information that the final planning depends on by using controlled variables and counterfactual interventions for qualitative analysis. Then, we quantitatively assess the factors influencing model decisions by visualizing and statistically analyzing the response of key model inputs. Finally, based on the comprehensive study of the multi-factorial end-to-end autonomous driving system, we have developed a strong baseline and a tool for exploring causality in the close-loop simulator CARLA. It leverages the essential input sources to obtain a well-designed model, resulting in highly competitive capabilities. As far as we know, our work is the first to unveil the mystery of end-to-end autonomous driving and turn the black box into a white one. Thorough close-loop experiments demonstrate that our method can be applied to end-to-end autonomous driving solutions for causality debugging. Code will be available at https://github.com/bdvisl/DriveInsight.",Jiankun Li; Hao Li; Jiangjiang Liu; Zhikang Zou; Xiaoqing Ye; Fan Wang; Jizhou Huang; Hua Wu; Haifeng Wang,cs.CV cs.RO,2024-07-09,,,https://arxiv.org/abs/2407.06546
2410.07701,Autonomous Driving in Unstructured Environments: How Far Have We Come?,"Research on autonomous driving in unstructured outdoor environments is less advanced than in structured urban settings due to challenges like environmental diversities and scene complexity. These environments-such as rural areas and rugged terrains-pose unique obstacles that are not common in structured urban areas. Despite these difficulties, autonomous driving in unstructured outdoor environments is crucial for applications in agriculture, mining, and military operations. Our survey reviews over 250 papers for autonomous driving in unstructured outdoor environments, covering offline mapping, pose estimation, environmental perception, path planning, end-to-end autonomous driving, datasets, and relevant challenges. We also discuss emerging trends and future research directions. This review aims to consolidate knowledge and encourage further research for autonomous driving in unstructured environments. To support ongoing work, we maintain an active repository with up-to-date literature and open-source projects at: https://github.com/chaytonmin/Survey-Autonomous-Driving-in-Unstructured-Environments.",Chen Min; Shubin Si; Xu Wang; Hanzhang Xue; Weizhong Jiang; Zitong Chen; Mengmeng Li; Jilin Mei; Erke Shang; Zhipeng Xiao; Bin Dai; Qi Zhu; Hao Fu; Dawei Zhao; Liang Xiao; Yiming Nie; Yu Hu,cs.RO,2024-10-10,,,https://arxiv.org/abs/2410.07701
1802.09355,Teaching Autonomous Driving Using a Modular and Integrated Approach,"Autonomous driving is not one single technology but rather a complex system integrating many technologies, which means that teaching autonomous driving is a challenging task. Indeed, most existing autonomous driving classes focus on one of the technologies involved. This not only fails to provide a comprehensive coverage, but also sets a high entry barrier for students with different technology backgrounds. In this paper, we present a modular, integrated approach to teaching autonomous driving. Specifically, we organize the technologies used in autonomous driving into modules. This is described in the textbook we have developed as well as a series of multimedia online lectures designed to provide technical overview for each module. Then, once the students have understood these modules, the experimental platforms for integration we have developed allow the students to fully understand how the modules interact with each other. To verify this teaching approach, we present three case studies: an introductory class on autonomous driving for students with only a basic technology background; a new session in an existing embedded systems class to demonstrate how embedded system technologies can be applied to autonomous driving; and an industry professional training session to quickly bring up experienced engineers to work in autonomous driving. The results show that students can maintain a high interest level and make great progress by starting with familiar concepts before moving onto other modules.",Jie Tang; Shaoshan Liu; Songwen Pei; Stephane Zuckerman; Chen Liu; Weisong Shi; Jean-Luc Gaudiot,cs.CY cs.AI cs.RO,2018-02-22,,,https://arxiv.org/abs/1802.09355
2106.13052,"Autonomous Driving Strategies at Intersections: Scenarios, State-of-the-Art, and Future Outlooks","Due to the complex and dynamic character of intersection scenarios, the autonomous driving strategy at intersections has been a difficult problem and a hot point in the research of intelligent transportation systems in recent years. This paper gives a brief summary of state-of-the-art autonomous driving strategies at intersections. Firstly, we enumerate and analyze common types of intersection scenarios, corresponding simulation platforms, as well as related datasets. Secondly, by reviewing previous studies, we have summarized characteristics of existing autonomous driving strategies and classified them into several categories. Finally, we point out problems of the existing autonomous driving strategies and put forward several valuable research outlooks.",Lianzhen Wei; Zirui Li; Jianwei Gong; Cheng Gong; Jiachen Li,cs.RO cs.AI,2021-06-24,,,https://arxiv.org/abs/2106.13052
2112.14710,Parallelized and Randomized Adversarial Imitation Learning for Safety-Critical Self-Driving Vehicles,"Self-driving cars and autonomous driving research has been receiving considerable attention as major promising prospects in modern artificial intelligence applications. According to the evolution of advanced driver assistance system (ADAS), the design of self-driving vehicle and autonomous driving systems becomes complicated and safety-critical. In general, the intelligent system simultaneously and efficiently activates ADAS functions. Therefore, it is essential to consider reliable ADAS function coordination to control the driving system, safely. In order to deal with this issue, this paper proposes a randomized adversarial imitation learning (RAIL) algorithm. The RAIL is a novel derivative-free imitation learning method for autonomous driving with various ADAS functions coordination; and thus it imitates the operation of decision maker that controls autonomous driving with various ADAS functions. The proposed method is able to train the decision maker that deals with the LIDAR data and controls the autonomous driving in multi-lane complex highway environments. The simulation-based evaluation verifies that the proposed method achieves desired performance.",Won Joon Yun; MyungJae Shin; Soyi Jung; Sean Kwon; Joongheon Kim,cs.RO cs.AI cs.LG,2021-12-26,,,https://arxiv.org/abs/2112.14710
2406.06423,Hybrid Video Anomaly Detection for Anomalous Scenarios in Autonomous Driving,"In autonomous driving, the most challenging scenarios can only be detected within their temporal context. Most video anomaly detection approaches focus either on surveillance or traffic accidents, which are only a subfield of autonomous driving. We present HF$^2$-VAD$_{AD}$, a variation of the HF$^2$-VAD surveillance video anomaly detection method for autonomous driving. We learn a representation of normality from a vehicle's ego perspective and evaluate pixel-wise anomaly detections in rare and critical scenarios.",Daniel Bogdoll; Jan Imhof; Tim Joseph; Svetlana Pavlitska; J. Marius Zöllner,cs.CV cs.RO,2024-06-10,,,https://arxiv.org/abs/2406.06423
2405.03572,RoboCar: A Rapidly Deployable Open-Source Platform for Autonomous Driving Research,"This paper introduces RoboCar, an open-source research platform for autonomous driving developed at the University of Luxembourg. RoboCar provides a modular, cost-effective framework for the development of experimental Autonomous Driving Systems (ADS), utilizing the 2018 KIA Soul EV. The platform integrates a robust hardware and software architecture that aligns with the vehicle's existing systems, minimizing the need for extensive modifications. It supports various autonomous driving functions and has undergone real-world testing on public roads in Luxembourg City. This paper outlines the platform's architecture, integration challenges, and initial test results, offering insights into its application in advancing autonomous driving research. RoboCar is available to anyone at https://github.com/sntubix/robocar and is released under an open-source MIT license.",Mehdi Testouri; Gamal Elghazaly; Raphael Frank,cs.RO,2024-05-06,10.1109/mits.2025.3546755,,https://arxiv.org/abs/2405.03572
2305.19904,Efficient Learning of Urban Driving Policies Using Bird's-Eye-View State Representations,"Autonomous driving involves complex decision-making in highly interactive environments, requiring thoughtful negotiation with other traffic participants. While reinforcement learning provides a way to learn such interaction behavior, efficient learning critically depends on scalable state representations. Contrary to imitation learning methods, high-dimensional state representations still constitute a major bottleneck for deep reinforcement learning methods in autonomous driving. In this paper, we study the challenges of constructing bird's-eye-view representations for autonomous driving and propose a recurrent learning architecture for long-horizon driving. Our PPO-based approach, called RecurrDriveNet, is demonstrated on a simulated autonomous driving task in CARLA, where it outperforms traditional frame-stacking methods while only requiring one million experiences for efficient training. RecurrDriveNet causes less than one infraction per driven kilometer by interacting safely with other road users.",Raphael Trumpp; Martin Büchner; Abhinav Valada; Marco Caccamo,cs.RO,2023-05-31,,,https://arxiv.org/abs/2305.19904
2501.18942,Open-Source Autonomous Driving Software Platforms: Comparison of Autoware and Apollo,"Full-stack autonomous driving system spans diverse technological domains-including perception, planning, and control-that each require in-depth research. Moreover, validating such technologies of the system necessitates extensive supporting infrastructure, from simulators and sensors to high-definition maps. These complexities with barrier to entry pose substantial limitations for individual developers and research groups. Recently, open-source autonomous driving software platforms have emerged to address this challenge by providing autonomous driving technologies and practical supporting infrastructure for implementing and evaluating autonomous driving functionalities. Among the prominent open-source platforms, Autoware and Apollo are frequently adopted in both academia and industry. While previous studies have assessed each platform independently, few have offered a quantitative and detailed head-to-head comparison of their capabilities. In this paper, we systematically examine the core modules of Autoware and Apollo and evaluate their middleware performance to highlight key differences. These insights serve as a practical reference for researchers and engineers, guiding them in selecting the most suitable platform for their specific development environments and advancing the field of full-stack autonomous driving system.",Hee-Yang Jung; Dong-Hee Paek; Seung-Hyun Kong,cs.RO,2025-01-31,,,https://arxiv.org/abs/2501.18942
2503.12180,Bench2FreeAD: A Benchmark for Vision-based End-to-end Navigation in Unstructured Robotic Environments,"Most current end-to-end (E2E) autonomous driving algorithms are built on standard vehicles in structured transportation scenarios, lacking exploration of robot navigation for unstructured scenarios such as auxiliary roads, campus roads, and indoor settings. This paper investigates E2E robot navigation in unstructured road environments. First, we introduce two data collection pipelines - one for real-world robot data and another for synthetic data generated using the Isaac Sim simulator, which together produce an unstructured robotics navigation dataset -- FreeWorld Dataset. Second, we fine-tuned an efficient E2E autonomous driving model -- VAD -- using our datasets to validate the performance and adaptability of E2E autonomous driving models in these environments. Results demonstrate that fine-tuning through our datasets significantly enhances the navigation potential of E2E autonomous driving models in unstructured robotic environments. Thus, this paper presents the first dataset targeting E2E robot navigation tasks in unstructured scenarios, and provides a benchmark based on vision-based E2E autonomous driving algorithms to facilitate the development of E2E navigation technology for logistics and service robots. The project is available on Github.",Yuhang Peng; Sidong Wang; Jihaoyu Yang; Shilong Li; Han Wang; Jiangtao Gong,cs.RO cs.CV,2025-03-15,,,https://arxiv.org/abs/2503.12180
2403.02622,World Models for Autonomous Driving: An Initial Survey,"In the rapidly evolving landscape of autonomous driving, the capability to accurately predict future events and assess their implications is paramount for both safety and efficiency, critically aiding the decision-making process. World models have emerged as a transformative approach, enabling autonomous driving systems to synthesize and interpret vast amounts of sensor data, thereby predicting potential future scenarios and compensating for information gaps. This paper provides an initial review of the current state and prospective advancements of world models in autonomous driving, spanning their theoretical underpinnings, practical applications, and the ongoing research efforts aimed at overcoming existing limitations. Highlighting the significant role of world models in advancing autonomous driving technologies, this survey aspires to serve as a foundational reference for the research community, facilitating swift access to and comprehension of this burgeoning field, and inspiring continued innovation and exploration.",Yanchen Guan; Haicheng Liao; Zhenning Li; Jia Hu; Runze Yuan; Yunjian Li; Guohui Zhang; Chengzhong Xu,cs.LG cs.AI cs.RO,2024-03-05,,,https://arxiv.org/abs/2403.02622
2311.10813,A Language Agent for Autonomous Driving,"Human-level driving is an ultimate goal of autonomous driving. Conventional approaches formulate autonomous driving as a perception-prediction-planning framework, yet their systems do not capitalize on the inherent reasoning ability and experiential knowledge of humans. In this paper, we propose a fundamental paradigm shift from current pipelines, exploiting Large Language Models (LLMs) as a cognitive agent to integrate human-like intelligence into autonomous driving systems. Our approach, termed Agent-Driver, transforms the traditional autonomous driving pipeline by introducing a versatile tool library accessible via function calls, a cognitive memory of common sense and experiential knowledge for decision-making, and a reasoning engine capable of chain-of-thought reasoning, task planning, motion planning, and self-reflection. Powered by LLMs, our Agent-Driver is endowed with intuitive common sense and robust reasoning capabilities, thus enabling a more nuanced, human-like approach to autonomous driving. We evaluate our approach on the large-scale nuScenes benchmark, and extensive experiments substantiate that our Agent-Driver significantly outperforms the state-of-the-art driving methods by a large margin. Our approach also demonstrates superior interpretability and few-shot learning ability to these methods.",Jiageng Mao; Junjie Ye; Yuxi Qian; Marco Pavone; Yue Wang,cs.CV cs.AI cs.CL cs.RO,2023-11-17,,,https://arxiv.org/abs/2311.10813
2306.04242,4D Millimeter-Wave Radar in Autonomous Driving: A Survey,"The 4D millimeter-wave (mmWave) radar, proficient in measuring the range, azimuth, elevation, and velocity of targets, has attracted considerable interest within the autonomous driving community. This is attributed to its robustness in extreme environments and the velocity and elevation measurement capabilities. However, despite the rapid advancement in research related to its sensing theory and application, there is a conspicuous absence of comprehensive surveys on the subject of 4D mmWave radar. In an effort to bridge this gap and stimulate future research, this paper presents an exhaustive survey on the utilization of 4D mmWave radar in autonomous driving. Initially, the paper provides reviews on the theoretical background and progress of 4D mmWave radars, encompassing aspects such as the signal processing workflow, resolution improvement approaches, and extrinsic calibration process. Learning-based radar data quality improvement methods are present following. Then, this paper introduces relevant datasets and application algorithms in autonomous driving perception, localization and mapping tasks. Finally, this paper concludes by forecasting future trends in the realm of 4D mmWave radar in autonomous driving. To the best of our knowledge, this is the first survey specifically dedicated to the 4D mmWave radar in autonomous driving.",Zeyu Han; Jiahao Wang; Zikun Xu; Shuocheng Yang; Lei He; Shaobing Xu; Jianqiang Wang; Keqiang Li,eess.SP cs.RO,2023-06-07,,,https://arxiv.org/abs/2306.04242
2110.06373,Enabling Level-4 Autonomous Driving on a Single $1k Off-the-Shelf Card,"Autonomous driving is of great interest in both research and industry. The high cost has been one of the major roadblocks that slow down the development and adoption of autonomous driving in practice. This paper, for the first-time, shows that it is possible to run level-4 (i.e., fully autonomous driving) software on a single off-the-shelf card (Jetson AGX Xavier) for less than $1k, an order of magnitude less than the state-of-the-art systems, while meeting all the requirements of latency. The success comes from the resolution of some important issues shared by existing practices through a series of measures and innovations. The study overturns the common perceptions of the computing resources required by level-4 autonomous driving, points out a promising path for the industry to lower the cost, and suggests a number of research opportunities for rethinking the architecture, software design, and optimizations of autonomous driving.",Hsin-Hsuan Sung; Yuanchao Xu; Jiexiong Guan; Wei Niu; Shaoshan Liu; Bin Ren; Yanzhi Wang; Xipeng Shen,cs.RO cs.AI cs.LG eess.SY,2021-10-12,,,https://arxiv.org/abs/2110.06373
2407.01956,Cloud-Edge-Terminal Collaborative AIGC for Autonomous Driving,"In dynamic autonomous driving environment, Artificial Intelligence-Generated Content (AIGC) technology can supplement vehicle perception and decision making by leveraging models' generative and predictive capabilities, and has the potential to enhance motion planning, trajectory prediction and traffic simulation. This article proposes a cloud-edge-terminal collaborative architecture to support AIGC for autonomous driving. By delving into the unique properties of AIGC services, this article initiates the attempts to construct mutually supportive AIGC and network systems for autonomous driving, including communication, storage and computation resource allocation schemes to support AIGC services, and leveraging AIGC to assist system design and resource management.",Jianan Zhang; Zhiwei Wei; Boxun Liu; Xiayi Wang; Yong Yu; Rongqing Zhang,eess.SY cs.RO,2024-07-02,,,https://arxiv.org/abs/2407.01956
2206.05400,High-Definition Map Generation Technologies For Autonomous Driving,"Autonomous driving has been among the most popular and challenging topics in the past few years. On the road to achieving full autonomy, researchers have utilized various sensors, such as LiDAR, camera, Inertial Measurement Unit (IMU), and GPS, and developed intelligent algorithms for autonomous driving applications such as object detection, object segmentation, obstacle avoidance, and path planning. High-definition (HD) maps have drawn lots of attention in recent years. Because of the high precision and informative level of HD maps in localization, it has immediately become one of the critical components of autonomous driving. From big organizations like Baidu Apollo, NVIDIA, and TomTom to individual researchers, researchers have created HD maps for different scenes and purposes for autonomous driving. It is necessary to review the state-of-the-art methods for HD map generation. This paper reviews recent HD map generation technologies that leverage both 2D and 3D map generation. This review introduces the concept of HD maps and their usefulness in autonomous driving and gives a detailed overview of HD map generation techniques. We will also discuss the limitations of the current HD map generation technologies to motivate future research.",Zhibin Bao; Sabir Hossain; Haoxiang Lang; Xianke Lin,cs.RO cs.CV,2022-06-11,,,https://arxiv.org/abs/2206.05400
2610.04187,Autoware in Construction: Gap Analysis and LiDAR Perception Toward Off-Road Autonomous Driving,"Autoware is an open-source autonomous driving software platform widely adopted by researchers and industry developers. Originally developed primarily for public-road applications, including passenger vehicles, taxis, and buses, Autoware is increasingly being extended to off-road environments such as construction and agricultural sites. Construction sites, however, differ fundamentally from public roads and challenge many assumptions underlying conventional autonomous driving systems. They are characterized by unstructured terrain, airborne dust, continuously evolving site conditions, and construction-specific objects. This paper presents lessons learned from ongoing efforts to extend an Autoware-based autonomous driving system to large dump trucks operating at construction sites. We identify gaps between public-road and off-road construction applications across the sensing, mapping, localization, perception, planning, and control modules of the Autoware stack. We then discuss potential solutions for addressing these gaps, with particular emphasis on ongoing LiDAR-based perception pipeline development and findings from field testing. Finally, we propose a roadmap toward end-to-end autonomous driving for construction vehicles.",Yu Otsuki; Teja Emmey; Sena Matsushita; Akiro Harada; Takeshi Miura,cs.RO,2026-10-03,,,https://arxiv.org/abs/2610.04187
2003.06404,A Survey of End-to-End Driving: Architectures and Training Methods,"Autonomous driving is of great interest to industry and academia alike. The use of machine learning approaches for autonomous driving has long been studied, but mostly in the context of perception. In this paper we take a deeper look on the so called end-to-end approaches for autonomous driving, where the entire driving pipeline is replaced with a single neural network. We review the learning methods, input and output modalities, network architectures and evaluation schemes in end-to-end driving literature. Interpretability and safety are discussed separately, as they remain challenging for this approach. Beyond providing a comprehensive overview of existing methods, we conclude the review with an architecture that combines the most promising elements of the end-to-end autonomous driving systems.",Ardi Tampuu; Maksym Semikin; Naveed Muhammad; Dmytro Fishman; Tambet Matiisen,cs.AI cs.RO,2020-03-13,10.1109/tnnls.2020.3043505,"IEEE Transactions on Neural Networks and Learning Systems, 2020",https://arxiv.org/abs/2003.06404
2303.02257,Visual Perception System for Autonomous Driving,"The recent surge in interest in autonomous driving stems from its rapidly developing capacity to enhance safety, efficiency, and convenience. A pivotal aspect of autonomous driving technology is its perceptual systems, where core algorithms have yielded more precise algorithms applicable to autonomous driving, including vision-based Simultaneous Localization and Mapping (SLAMs), object detection, and tracking algorithms. This work introduces a visual-based perception system for autonomous driving that integrates trajectory tracking and prediction of moving objects to prevent collisions, while addressing autonomous driving's localization and mapping requirements. The system leverages motion cues from pedestrians to monitor and forecast their movements and simultaneously maps the environment. This integrated approach resolves camera localization and the tracking of other moving objects in the scene, subsequently generating a sparse map to facilitate vehicle navigation. The performance, efficiency, and resilience of this approach are substantiated through comprehensive evaluations of both simulated and real-world datasets.",Qi Zhang; Siyuan Gou; Wenbin Li,cs.CV cs.RO,2023-03-03,,,https://arxiv.org/abs/2303.02257
2306.01898,Exploring the Boundaries: Thorough Software Testing for Safety-Critical Driving Scenarios Based on Kinematics in the Context of Autonomous Driving,"This scientific publication focuses on the efficient application of boundary value analysis in the testing of corner cases for kinematic-based safety-critical driving scenarios within the domain of autonomous driving. Corner cases, which represent infrequent and crucial situations, present notable obstacles to the reliability and safety of autonomous driving systems. This paper emphasizes the significance of employing boundary value analysis, a systematic technique for identifying critical boundaries and values, to achieve comprehensive testing coverage. By identifying and testing extreme and boundary conditions, such as minimum distances, this publication aims to improve the performance and robustness of autonomous driving systems in safety-critical scenarios. The insights and methodologies presented in this paper can serve as a guide for researchers, developers, and regulators in effectively addressing the challenges posed by corner cases and ensuring the reliability and safety of autonomous driving systems under real-world driving conditions.",Nico Schick,cs.RO,2023-06-02,,,https://arxiv.org/abs/2306.01898
2404.06345,AgentsCoDriver: Large Language Model Empowered Collaborative Driving with Lifelong Learning,"Connected and autonomous driving is developing rapidly in recent years. However, current autonomous driving systems, which are primarily based on data-driven approaches, exhibit deficiencies in interpretability, generalization, and continuing learning capabilities. In addition, the single-vehicle autonomous driving systems lack of the ability of collaboration and negotiation with other vehicles, which is crucial for the safety and efficiency of autonomous driving systems. In order to address these issues, we leverage large language models (LLMs) to develop a novel framework, AgentsCoDriver, to enable multiple vehicles to conduct collaborative driving. AgentsCoDriver consists of five modules: observation module, reasoning engine, cognitive memory module, reinforcement reflection module, and communication module. It can accumulate knowledge, lessons, and experiences over time by continuously interacting with the environment, thereby making itself capable of lifelong learning. In addition, by leveraging the communication module, different agents can exchange information and realize negotiation and collaboration in complex traffic environments. Extensive experiments are conducted and show the superiority of AgentsCoDriver.",Senkang Hu; Zhengru Fang; Zihan Fang; Yiqin Deng; Xianhao Chen; Yuguang Fang,cs.AI cs.RO,2024-04-09,,,https://arxiv.org/abs/2404.06345
2312.09588,NeuroFlow: Development of lightweight and efficient model integration scheduling strategy for autonomous driving system,"This paper proposes a specialized autonomous driving system that takes into account the unique constraints and characteristics of automotive systems, aiming for innovative advancements in autonomous driving technology. The proposed system systematically analyzes the intricate data flow in autonomous driving and provides functionality to dynamically adjust various factors that influence deep learning models. Additionally, for algorithms that do not rely on deep learning models, the system analyzes the flow to determine resource allocation priorities. In essence, the system optimizes data flow and schedules efficiently to ensure real-time performance and safety. The proposed system was implemented in actual autonomous vehicles and experimentally validated across various driving scenarios. The experimental results provide evidence of the system's stable inference and effective control of autonomous vehicles, marking a significant turning point in the development of autonomous driving systems.",Eunbin Seo; Gwanjun Shin; Eunho Lee,cs.RO cs.AI,2023-12-15,,,https://arxiv.org/abs/2312.09588
cs/0308013,A Robust and Computational Characterisation of Peer-to-Peer Database Systems,"In this paper we give a robust logical and computational characterisation of peer-to-peer database systems. We first define a pre- cise model-theoretic semantics of a peer-to-peer system, which allows for local inconsistency handling. We then characterise the general computa- tional properties for the problem of answering queries to such a peer-to- peer system. Finally, we devise tight complexity bounds and distributed procedures for the problem of answering queries in few relevant special cases.",Enrico Franconi; Gabriel Kuper; Andrei Lopatenko; Luciano Serafini,cs.DC cs.DB,2003-08-06,,"""International Workshop On Databases, Information Systems and Peer-to-Peer Computing"", 2003",https://arxiv.org/abs/cs/0308013
0912.1905,Peer-to-Peer Cloud Provisioning: Service Discovery and Load-Balancing,"This chapter presents: (i) a layered peer-to-peer Cloud provisioning architecture; (ii) a summary of the current state-of-the-art in Cloud provisioning with particular emphasis on service discovery and load-balancing; (iii) a classification of the existing peer-to-peer network management model with focus on extending the DHTs for indexing and managing complex provisioning information; and (iv) the design and implementation of novel, extensible software fabric (Cloud peer) that combines public/private clouds, overlay networking and structured peer-to-peer indexing techniques for supporting scalable and self-managing service discovery and load-balancing in Cloud computing environments. Finally, an experimental evaluation is presented that demonstrates the feasibility of building next generation Cloud provisioning systems based on peer-to-peer network management and information dissemination models. The experimental test-bed has been deployed on a public cloud computing platform, Amazon EC2, which demonstrates the effectiveness of the proposed peer-to-peer Cloud provisioning software fabric.",Rajiv Ranjan; Liang Zhao; Xiaomin Wu; Anna Liu,cs.DC cs.NI,2009-12-10,,,https://arxiv.org/abs/0912.1905
cs/0402018,P2P Networks for Content Sharing,"Peer-to-peer (P2P) technologies have been widely used for content sharing, popularly called ""file-swapping"" networks. This chapter gives a broad overview of content sharing P2P technologies. It starts with the fundamental concept of P2P computing followed by the analysis of network topologies used in peer-to-peer systems. Next, three milestone peer-to-peer technologies: Napster, Gnutella, and Fasttrack are explored in details, and they are finally concluded with the comparison table in the last section.",Choon Hoong Ding; Sarana Nutanong; Rajkumar Buyya,cs.DC,2004-02-10,,"Technical Report, GRIDS-TR-2003-7, Grid Computing and Distributed Systems Laboratory, University of Melbourne, Australia, December 2003",https://arxiv.org/abs/cs/0402018
1902.02763,Random Gossip Processes in Smartphone Peer-to-Peer Networks,"In this paper, we study random gossip processes in communication models that describe the peer-to-peer networking functionality included in standard smartphone operating systems. Random gossip processes spread information through the basic mechanism of randomly selecting neighbors for connections. These processes are well-understood in standard peer-to-peer network models, but little is known about their behavior in models that abstract the smartphone peer-to-peer setting. With this in mind, we begin by studying a simple random gossip process in the synchronous mobile telephone model (the most common abstraction used to study smartphone peer-to-peer systems). By introducing a new analysis technique, we prove that this simple process is actually more efficient than the best-known gossip algorithm in the mobile telephone model, which required complicated coordination among the nodes in the network. We then introduce a novel variation of the mobile telephone model that removes the synchronized round assumption, shrinking the gap between theory and practice. We prove that simple random gossip processes still converge in this setting and that information spreading still improves along with graph connectivity. This new model and the tools we introduce provide a solid foundation for the further theoretical analysis of algorithms meant to be deployed on real smartphone peer-to-peer networks. More generally, our results in this paper imply that simple random information spreading processes should be expected to perform well in this emerging new peer-to-peer setting.",Calvin Newport; Alex Weaver,cs.DC,2019-02-07,,,https://arxiv.org/abs/1902.02763
cs/0306064,Exploiting peer group concept for adaptive and highly available services,"This paper presents a prototype for redundant, highly available and fault tolerant peer to peer framework for data management. Peer to peer computing is gaining importance due to its flexible organization, lack of central authority, distribution of functionality to participating nodes and ability to utilize unused computational resources. Emergence of GRID computing has provided much needed infrastructure and administrative domain for peer to peer computing. The components of this framework exploit peer group concept to scope service and information search, arrange services and information in a coherent manner, provide selective redundancy and ensure availability in face of failure and high load conditions. A prototype system has been implemented using JXTA peer to peer technology and XML is used for service description and interfaces, allowing peers to communicate with services implemented in various platforms including web services and JINI services. It utilizes code mobility to achieve role interchange among services and ensure dynamic group membership. Security is ensured by using Public Key Infrastructure (PKI) to implement group level security policies for membership and service access.",Muhammad Asif Jan; Fahd Ali Zahid; Mohammad Moazam Fraz; Arshad Ali,cs.DC,2003-06-13,,,https://arxiv.org/abs/cs/0306064
cs/0209031,Locating Data in (Small-World?) Peer-to-Peer Scientific Collaborations,"Data-sharing scientific collaborations have particular characteristics, potentially different from the current peer-to-peer environments. In this paper we advocate the benefits of exploiting emergent patterns in self-configuring networks specialized for scientific data-sharing collaborations. We speculate that a peer-to-peer scientific collaboration network will exhibit small-world topology, as do a large number of social networks for which the same pattern has been documented. We propose a solution for locating data in decentralized, scientific, data-sharing environments that exploits the small-worlds topology. The research challenge we raise is: what protocols should be used to allow a self-configuring peer-to-peer network to form small worlds similar to the way in which the humans that use the network do in their social interactions?",Adriana Iamnitchi; Matei Ripeanu; Ian Foster,cs.DC cond-mat,2002-09-26,,1st International Workshop on Peer-to-Peer Systems IPTPS 2002,https://arxiv.org/abs/cs/0209031
cs/0209023,Practical Load Balancing for Content Requests in Peer-to-Peer Networks,"This paper studies the problem of load-balancing the demand for content in a peer-to-peer network across heterogeneous peer nodes that hold replicas of the content. Previous decentralized load balancing techniques in distributed systems base their decisions on periodic updates containing information about load or available capacity observed at the serving entities. We show that these techniques do not work well in the peer-to-peer context; either they do not address peer node heterogeneity, or they suffer from significant load oscillations. We propose a new decentralized algorithm, Max-Cap, based on the maximum inherent capacities of the replica nodes and show that unlike previous algorithms, it is not tied to the timeliness or frequency of updates. Yet, Max-Cap can handle the heterogeneity of a peer-to-peer environment without suffering from load oscillations.",Mema Roussopoulos; Mary Baker,cs.NI cs.DC,2002-09-21,,,https://arxiv.org/abs/cs/0209023
2102.06804,Asynchronous Gossip in Smartphone Peer-to-Peer Networks,"In this paper, we study gossip algorithms in communication models that describe the peer-to-peer networking functionality included in most standard smartphone operating systems. We begin by describing and analyzing a new synchronous gossip algorithm in this setting that features both a faster round complexity and simpler operation than the best-known existing solutions. We also prove a new lower bound on the rounds required to solve gossip that resolves a minor open question by establishing that existing synchronous solutions are within logarithmic factors of optimal. We then adapt our synchronous algorithm to produce a novel gossip strategy for an asynchronous model that directly captures the interface of a standard smartphone peer-to-peer networking library (enabling algorithms described in this model to be easily implemented on real phones). Using new analysis techniques, we prove that this asynchronous strategy efficiently solves gossip. This is the first known efficient asynchronous information dissemination result for the smartphone peer-to-peer setting. We argue that our new strategy can be used to implement effective information spreading subroutines in real world smartphone peer-to-peer network applications, and that the analytical tools we developed to analyze it can be leveraged to produce other broadly useful algorithmic strategies for this increasingly important setting.",Calvin Newport; Alex Weaver; Chaodong Zheng,cs.DC,2021-02-12,,,https://arxiv.org/abs/2102.06804
0907.1005,A class of structured P2P systems supporting browsing,"Browsing is a way of finding documents in a large amount of data which is complementary to querying and which is particularly suitable for multimedia documents. Locating particular documents in a very large collection of multimedia documents such as the ones available in peer to peer networks is a difficult task. However, current peer to peer systems do not allow to do this by browsing. In this report, we show how one can build a peer to peer system supporting a kind of browsing. In our proposal, one must extend an existing distributed hash table system with a few features : handling partial hash-keys and providing appropriate routing mechanisms for these hash-keys. We give such an algorithm for the particular case of the Tapestry distributed hash table. This is a work in progress as no proper validation has been done yet.",Julien Cohen,cs.IR cs.DC,2009-07-06,,,https://arxiv.org/abs/0907.1005
1904.05316,Pear2Pear (On Wifi): A Data Sharing Protocol Over Wifi through a Peer to Peer Network,"A peer-to-peer system is a distributed system in which equal nodes (in terms of role and usage) exchange information and services directly. This paper describes a distributed peer-to-peer protocol that allows wifi-enabled smart devices (especially Android smartphones) to exchange data using only wifi. The protocol is designed to allow the automatic establishment of a distributed peer-to-peer network of any size without geography constraint. It is applied to file sharing between devices, but can easily be adapted to support any data sharing. The protocol defines two layers: (1) a kernel layer responsible for creating, routing, establishing and maintaining links between nodes (peer), addressing a node and adding and removing nodes; and an (2) application layer to support data sharing (file sharing in this case). The structure of the peer-to-peer network is hybrid. Regarding the file sharing use case, the application allows a node to (i) search for a file in the catalog of its subnet that is held by the root node, and (ii) download a file: if the file is not in the subnet, the root node delegates a node to make vouchers in neighboring subnetworks to get the file and make it available. A proof of concept was made on Android.",Steve Tueno; Romeo Tabue; Forentin Jiechieu; Yacynth Ndonna; Billy Zafack; Audric Feuyan; Jonas Atibita; Alex Djouontse; Rodrigue Mbinkeu,cs.DC cs.MA cs.NI,2019-03-15,,,https://arxiv.org/abs/1904.05316
1904.13093,"Please, do not decentralize the Internet with (permissionless) blockchains!","The old mantra of decentralizing the Internet is coming again with fanfare, this time around the blockchain technology hype. We have already seen a technology supposed to change the nature of the Internet: peer-to-peer. The reality is that peer-to-peer naming systems failed, peer-to-peer social networks failed, and yes, peer-to-peer storage failed as well. In this paper, we will review the research on distributed systems in the last few years to identify the limits of open peer-to-peer networks. We will address issues like system complexity, security and frailty, instability and performance. We will show how many of the aforementioned problems also apply to the recent breed of permissionless blockchain networks. The applicability of such systems to mature industrial applications is undermined by the same properties that make them so interesting for a libertarian audience: namely, their openness, their pseudo-anonymity and their unregulated cryptocurrencies. As such, we argue that permissionless blockchain networks are unsuitable to be the substrate for a decentralized Internet. Yet, there is still hope for more decentralization, albeit in a form somewhat limited with respect to the libertarian view of decentralized Internet: in cooperation rather than in competition with the superpowerful datacenters that dominate the world today. This is derived from the recent surge in interest in byzantine fault tolerance and permissioned blockchains, which opens the door to a world where use of trusted third parties is not the only way to arbitrate an ensemble of entities. The ability of establish trust through permissioned blockchains enables to move the control from the datacenters to the edge, truly realizing the promises of edge-centric computing.",Pedro Garcia Lopez; Alberto Montresor; Anwitaman Datta,cs.DC cs.CR cs.CY,2019-04-30,,,https://arxiv.org/abs/1904.13093
1203.3351,Peer to Peer Networks Management Survey,"Peer-to-Peer systems are based on the concept of resources localization and mutualisation in dynamic context. In specific environment such as mobile networks, characterized by high variability and dynamicity of network conditions and performances, where nodes can join and leave the network dynamically, resources reliability and availability constitute a critical issue. The resource discovery problem arises in the context of peer to peer (P2P) networks, where at any point of time a peer may be placed at or removed from any location over a general purpose network. Locating a resource or service efficiently is one of the most important issues related to peer-to-peer networks. The objective of a search mechanism is to successfully locate resources while incurring low overhead and low delay. This paper presents a survey on P2P networks management: classification, applications, platforms, simulators and security.",Mourad Amad; Ahmed Meddahi; Djamil Aïssani,cs.NI cs.DC,2012-03-15,,"IJCSI International Journal of Computer Science Issues, Vol. 9, Issue 1, No 3, January 2012",https://arxiv.org/abs/1203.3351
1702.07213,Synchronizability of Communicating Finite State Machines is not Decidable,"A system of communicating finite state machines is synchronizable if its send trace semantics, i.e.the set of sequences of sendings it can perform, is the same when its communications are FIFO asynchronous and when they are just rendez-vous synchronizations. This property was claimed to be decidable in several conference and journal papers for either mailboxes or peer-to-peer communications, thanks to a form of small model property. In this paper, we show that this small model property does not hold neither for mailbox communications, nor for peer-to-peer communications, therefore the decidability of synchronizability becomes an open question. We close this question for peer-to-peer communications, and we show that synchronizability is actually undecidable. We show that synchronizability is decidable if the topology of communications is an oriented ring. We also show that, in this case, synchronizability implies the absence of unspecified receptions and orphan messages, and the channel-recognizability of the reachability set.",Alain Finkel; Etienne Lozes,cs.DC cs.FL,2017-02-23,10.46298/lmcs-19(4:33)2023,"Logical Methods in Computer Science, Volume 19, Issue 4 (December 20, 2023) lmcs:4764",https://arxiv.org/abs/1702.07213
1703.05713,The challenge of decentralized marketplaces,"Online trust systems are playing an important role in to-days world and face various challenges in building them. Billions of dollars of products and services are traded through electronic commerce, files are shared among large peer-to-peer networks and smart contracts can potentially replace paper contracts with digital contracts. These systems rely on trust mechanisms in peer-to-peer networks like reputation systems or a trustless public ledger. In most cases, reputation systems are build to determine the trustworthiness of users and to provide incentives for users to make a fair contribution to the peer-to-peer network. The main challenges are how to set up a good trust system, how to deal with security issues and how to deal with strategic users trying to cheat on the system. The Sybil attack, the most important attack on reputation systems is discussed. At last match making in two sided markets and the strategy proofness of these markets are discussed.",Bas van IJzendoorn,cs.DC cs.CR cs.CY,2017-03-16,,,https://arxiv.org/abs/1703.05713
1509.04417,Adaptive Lookup for Unstructured Peer-to-Peer Overlays,"Scalability and efficient global search in unstructured peer-to-peer overlays have been extensively studied in the literature. The global search comes at the expense of local interactions between peers. Most of the unstructured peer-to-peer overlays do not provide any performance guarantee. In this work we propose a novel Quality of Service enabled lookup for unstructured peer-to-peer overlays that will allow the user's query to traverse only those overlay links which satisfy the given constraints. Additionally, it also improves the scalability by judiciously using the overlay resources. Our approach selectively forwards the queries using QoS metrics like latency, bandwidth, and overlay link status so as to ensure improved performance in a scenario where the degree of peer joins and leaves are high. User is given only those results which can be downloaded with the given constraints. Also, the protocol aims at minimizing the message overhead over the overlay network.",K. Haribabu; Dayakar Reddy; Chittaranjan Hota; Antii Ylä-Jääski; Sasu Tarkoma,cs.NI cs.DC,2015-09-15,,,https://arxiv.org/abs/1509.04417
2205.01045,Geo-located data for better dynamic replication,"An increasing number of mobile applications share location-dependent information, from collaborative applications and social networks to location-based games. For such applications, peer-to-peer architectures where mobile devices share information directly may grant lower latency and reduce server load. In this work, we propose a framework to support these applications, providing location-dependent replication. Data has an associated location and is replicated in the mobile devices that show interest and are close to that location. Our proposal combines peer-to-peer synchronisation among mobile devices and replication at edge servers. Our preliminary results are promising.",Luís M. Silva; Frederico Aleixo; Albert van der Linde; João Leitão; Nuno Preguiça,cs.DC,2022-05-02,,,https://arxiv.org/abs/2205.01045
2112.06848,Peer-to-Peer Communication Trade-Offs for Smart Grid Applications,"Virtual topologies in peer-to-peer networks can reduce the traffic consumed by altering the logical connectivity of peers without altering the underlying network. However, such sparsely connected virtual topologies do not focus on the needs for smart grid applications, which is information dissemination throughout the network, and in turn degrade the performance of distributed control algorithms running on peer-to-peer networks. This paper provides a flexible solution for application developers to prototype and deploy different virtual topologies that balances these trade-offs. First, it introduces a configurable virtual communication topology framework, TopLinkMgr, which enables users to specify any chosen connectivity configuration and deploy peer-to-peer applications using it. Second, it proposes a novel fault-tolerant self-adaptive virtual topology management algorithm, Bounded Path Dissemination, that can ensure the dissemination of information to all peers within a specified threshold. Experiments show that the algorithm improves on convergence speed and accuracy over state-of-the-art methods and is also robust against node failures while consuming significantly less communication bandwidth.",Purboday Ghosh; Shashank Shekhar; Yashen Lin; Ulrich Muenz; Gabor Karsai,cs.DC,2021-12-13,,,https://arxiv.org/abs/2112.06848
cs/0406027,Fluctuation in Peer-to-Peer Networks: Mitigating Its Effect on DHT Performance,"Due to the transient nature of peers, any Peer-to-Peer network is in peril to falling apart if peers do not receive routing table updates periodically. To this end, maintenance, which affects every peer, ensures connectedness and sustained data operation performance. However, a high rate of change in peer population usually incurs lots of network maintenance messages and can severely degrade overall performance. We discuss three methods how to tackle and mitigate the effect of peer fluctuation on a tree-based distributed hash table.",Dietrich Fahrenholtz; Volker Turau,cs.NI cs.DC,2004-06-16,,,https://arxiv.org/abs/cs/0406027
1101.4260,Networking,This paper discusses an efficient approach to design and implement a highly available peer- to-peer system irrespective of peer timing and churn.,Nashid Shahriar; Mahfuza Sharmin; Reaz Ahmed; Raouf Boutaba,cs.NI cs.DC,2011-01-22,,,https://arxiv.org/abs/1101.4260
2507.14682,"IDSS, a Novel P2P Relational Data Storage Service","The rate at which data is generated has been increasing rapidly, raising challenges related to its management. Traditional database management systems suffer from scalability and are usually inefficient when dealing with large-scale and heterogeneous data. This paper introduces IDSS (InnoCyPES Data Storage Service), a novel large-scale data storage tool that leverages peer-to-peer networks and embedded relational databases. We present the IDSS architecture and its design, and provide details related to the implementation. The peer-to-peer framework is used to provide support for distributed queries leveraging a relational database architecture based on a common schema. Furthermore, methods to support complex distributed query processing, enabling robust and efficient management of vast amounts of data are presented.",Massimo Cafaro; Italo Epicoco; Marco Pulimeno; Lunodzo J. Mwinuka; Lucas Pereira; Hugo Morais,cs.DB cs.DC,2025-07-19,,,https://arxiv.org/abs/2507.14682
2411.04538,Analysis of Blockchain Assisted Energy Sharing Algorithms with Realistic Data Across Microgrids,"With escalating energy demands, innovative solutions have emerged to supply energy affordably and sustainably. Energy sharing has also been proposed as a solution, addressing affordability issues while reducing consumers' greed. In this paper, we analyse the feasibility of two energy sharing algorithms, centralized and peer-to-peer, within two scenarios, between microgrids within a county, and between microgrids across counties. In addition, we propose a new sharing algorithm named Selfish Sharing, where prosumers take advantage of consumers' batteries in return for letting them consume part of the shared energy. The results for sharing between microgrids across counties show that the dependency on the grid could be reduced by approximately 5.72%, 6.12%, and 5.93% using the centralized, peer-to-peer and selfish sharing algorithms respectively, compared to trading only. The scenario of sharing between microgrids within a county has an average decrease in dependency on the grid by 5.66%, 6.0%, and 5.80% using the centralized, peer-to-peer and selfish algorithms respectively, compared to trading without sharing. We found that trading with batteries and the proposed sharing algorithms prove to be beneficial in the sharing between microgrids case. More specifically, the case of trading and sharing energy between microgrids across counties outperforms sharing within a county, with P2P sharing appearing to be superior.",Abdulrezzak Zekiye; Ozan Sina Bankaoglu; Ouns Bouachir; Oznur Ozkasap; Moayad Aloqaily,cs.DC,2024-11-07,,,https://arxiv.org/abs/2411.04538
2005.00338,Performance of Generalized Hypercubes in Dynamic Peer-to-Peer Networks,"Highly dynamic peer-to-peer networks are becoming very significant due to their wide range of applications. Although many structures were proposed to deploy peer-to-peer networks, hypercube structures could grasp the researchers' attention for study because of their desirable properties. A lot of studies have considered binary hypercubes for research. In this paper, we study more generalized topology of hypercubes, namely generalized hypercubes and measure their performance in dynamic networks where nodes can enter and leave the network at any time. Python code was developed to simulate the networks and visualize the results. In addition to being highly flexible and scalable, generalized hypercubes proved to have lower average path length and lower verge density than binary hypercubes.",Reem Abdel-Rahman Osman; Omar H. Karam,cs.DC,2020-05-01,,,https://arxiv.org/abs/2005.00338
2102.05715,Sparse-Push: Communication- & Energy-Efficient Decentralized Distributed Learning over Directed & Time-Varying Graphs with non-IID Datasets,"Current deep learning (DL) systems rely on a centralized computing paradigm which limits the amount of available training data, increases system latency, and adds privacy and security constraints. On-device learning, enabled by decentralized and distributed training of DL models over peer-to-peer wirelessly connected edge devices, not only alleviate the above limitations but also enable next-gen applications that need DL models to continuously interact and learn from their environment. However, this necessitates the development of novel training algorithms that train DL models over time-varying and directed peer-to-peer graph structures while minimizing the amount of communication between the devices and also being resilient to non-IID data distributions. In this work we propose, Sparse-Push, a communication efficient decentralized distributed training algorithm that supports training over peer-to-peer, directed, and time-varying graph topologies. The proposed algorithm enables 466x reduction in communication with only 1% degradation in performance when training various DL models such as ResNet-20 and VGG11 over the CIFAR-10 dataset. Further, we demonstrate how communication compression can lead to significant performance degradation in-case of non-IID datasets, and propose Skew-Compensated Sparse Push algorithm that recovers this performance drop while maintaining similar levels of communication compression.",Sai Aparna Aketi; Amandeep Singh; Jan Rabaey,cs.LG cs.AI cs.CV cs.DC,2021-02-10,,,https://arxiv.org/abs/2102.05715
2312.13602,Peer-to-Peer Learning + Consensus with Non-IID Data,"Peer-to-peer deep learning algorithms are enabling distributed edge devices to collaboratively train deep neural networks without exchanging raw training data or relying on a central server. Peer-to-Peer Learning (P2PL) and other algorithms based on Distributed Local-Update Stochastic/mini-batch Gradient Descent (local DSGD) rely on interleaving epochs of training with distributed consensus steps. This process leads to model parameter drift/divergence amongst participating devices in both IID and non-IID settings. We observe that model drift results in significant oscillations in test performance evaluated after local training and consensus phases. We then identify factors that amplify performance oscillations and demonstrate that our novel approach, P2PL with Affinity, dampens test performance oscillations in non-IID settings without incurring any additional communication cost.",Srinivasa Pranav; José M. F. Moura,cs.LG cs.DC,2023-12-21,,,https://arxiv.org/abs/2312.13602
1212.5880,Local Thresholding in General Network Graphs,"Local thresholding algorithms were first presented more than a decade ago and have since been applied to a variety of data mining tasks in peer-to-peer systems, wireless sensor networks, and in grid systems. One critical assumption made by those algorithms has always been cycle-free routing. The existence of even one cycle may lead all peers to the wrong outcome. Outside the lab, unfortunately, cycle freedom is not easy to achieve. This work is the first to lift the requirement of cycle freedom by presenting a local thresholding algorithm suitable for general network graphs. The algorithm relies on a new repositioning of the problem in weighted vector arithmetics, on a new stopping rule, whose proof does not require that the network be cycle free, and on new methods for balance correction when the stopping rule fails. The new stopping and update rules permit calculation of the very same functions that were calculable using previous algorithms, which do assume cycle freedom. The algorithm is implemented on a standard peer-to-peer simulator and is validated for networks of up to 80,000 peers, organized in three different topologies, which are representative of the topology of major current distributed systems: the Internet, structured peer-to-peer systems, and wireless sensor networks.",Ran Wolff,cs.DC cs.DS,2012-12-24,,,https://arxiv.org/abs/1212.5880
1606.07785,Incentive Schemes for Mobile Peer-to-Peer Systems and Free Riding Problem: A Survey,"Mobile peer-to-peer networks are quite prevalent and popular now days due to advent of business scenarios where all the services are going mobile like whether it's to find good restaurants, healthy diet books making friends, job-hunting, real state info or cab-sharing etc. As the mobile users are increasing day by day, peer-to-peer networks getting bigger and complex. In contrast to client server system in peer-to-peer network resource sharing is done on the basis of mutual consent and agreed policies with no central authority and controlling entity. Incentive schemes for P2P networks are devised to encourage the participation and to adhere the policies agreed. P2P services based only on altruistic behaviour of users are facing serious challenges like Free riding or The tragedy of commons. Free riders are the users who consume the bandwidth of the system (perform downloading) but don't show altruistic behaviour (deny uploading) and act as a parasite for the P2P network. To counter the free riding issue many Incentive schemes are suggested by the researchers. In this paper we will survey the different incentive schemes, their architectures keeping eye on how they handle the challenges of modern P2P network.",Rahul Mishra,cs.DC cs.GT cs.NI,2016-06-23,,,https://arxiv.org/abs/1606.07785
2003.03147,A P2P Context Lookup Service for Multiple Smart Spaces,"Context information has emerged as an important resource to enable autonomy and flexibility of pervasive applications. The widespread use of context information necessitates efficient wide-area lookup services. In this paper, we present the design and implementation of a peer-to-peer context lookup system to support contextaware applications over multiple smart spaces. Our system provides a distributed repository for context storage, and a semantic peer-to-peer network for context lookup. Collaborative context-aware applications that utilize different context information in multiple smart spaces can be easily built by invoking a pull or push service provided by our system. We outline the design and implementation of our system, and validate our system through the development of cross-domain applications",Tao Gu; Hung Keng Pung; Daqing Zhang,cs.DC,2020-03-06,,,https://arxiv.org/abs/2003.03147
1204.1178,An initial peer configuration algorithm for multi-streaming peer-to-peer networks,"The growth of the Internet technology enables us to use network applications for streaming audio and video. Especially, real-time streaming services using peer-to-peer (P2P) technology are currently emerging. An important issue on P2P streaming is how to construct a logical network (overlay network) on a physical network (IP network). In this paper, we propose an initial peer configuration algorithm for a multi-streaming peer-to-peer network. The proposed algorithm is based on a mesh-pull approach where any node has multiple parent and child nodes as neighboring nodes, and content transmitted between these neighboring nodes depends on their parent-child relationships. Our simulation experiments show that the proposed algorithm improves the number of joining node and traffic load.",Tomoyuki Ishii; Atsushi Inoie,cs.NI cs.DC,2012-04-05,,,https://arxiv.org/abs/1204.1178
1210.6052,Leveraging Peer Centrality in the Design of Socially-Informed Peer-to-Peer Systems,"Social applications mine user social graphs to improve performance in search, provide recommendations, allow resource sharing and increase data privacy. When such applications are implemented on a peer-to-peer (P2P) architecture, the social graph is distributed on the P2P system: the traversal of the social graph translates into a socially-informed routing in the peer-to-peer layer. In this work we introduce the model of a projection graph that is the result of decentralizing a social graph onto a peer-to-peer network. We focus on three social network metrics: degree, node betweenness and edge betweenness centrality and analytically formulate the relation between metrics in the social graph and in the projection graph. Through experimental evaluation on real networks, we demonstrate that when mapping user communities of sizes up to 50-150 users on each peer, the association between the properties of the social graph and the projection graph is high, and thus the properties of the (dynamic) projection graph can be inferred from the properties of the (slower changing) social graph. Furthermore, we demonstrate with two application scenarios on large-scale social networks the usability of the projection graph in designing social search applications and unstructured P2P overlays.",Nicolas Kourtellis; Adriana Iamnitchi,cs.SI cs.DC,2012-10-22,,,https://arxiv.org/abs/1210.6052
0810.1624,Peer-to-Peer Secure Multi-Party Numerical Computation,"We propose an efficient framework for enabling secure multi-party numerical computations in a Peer-to-Peer network. This problem arises in a range of applications such as collaborative filtering, distributed computation of trust and reputation, monitoring and numerous other tasks, where the computing nodes would like to preserve the privacy of their inputs while performing a joint computation of a certain function. Although there is a rich literature in the field of distributed systems security concerning secure multi-party computation, in practice it is hard to deploy those methods in very large scale Peer-to-Peer networks. In this work, we examine several possible approaches and discuss their feasibility. Among the possible approaches, we identify a single approach which is both scalable and theoretically secure. An additional novel contribution is that we show how to compute the neighborhood based collaborative filtering, a state-of-the-art collaborative filtering algorithm, winner of the Netflix progress prize of the year 2007. Our solution computes this algorithm in a Peer-to-Peer network, using a privacy preserving computation, without loss of accuracy. Using extensive large scale simulations on top of real Internet topologies, we demonstrate the applicability of our approach. As far as we know, we are the first to implement such a large scale secure multi-party simulation of networks of millions of nodes and hundreds of millions of edges.",Danny Bickson; Genia Bezman; Danny Dolev; Benny Pinkas,cs.CR cs.DC,2008-10-09,10.1109/p2p.2008.22,"The 8th IEEE Peer-to-Peer Computing (P2P 2008), Aachen, Germany, Sept. 2008",https://arxiv.org/abs/0810.1624
